name_type,table_name,target_count
nearest_title,4. 收益,10
nearest_title,收入,9
nearest_title,收益分析如下:,7
nearest_title,收入分析如下:,6
nearest_title,(a) 分類收入資料,5
nearest_title,(b) 分部資料(續),5
nearest_title,分部收入及業績,5
nearest_title,本集團的收益分析如下:,5
nearest_title,(1) 主營業務分行業、分產品、分地區、分銷售模式情況,4
nearest_title,(a) 分拆收益資料,4
nearest_title,(a) 細分收入資料,4
nearest_title,(i) 分類收入資料,4
nearest_title,4. 收入,4
nearest_title,68. 分部信息(續),4
nearest_title,收益,4
nearest_title,有關收入的分析如下:,4
nearest_title,(a) 分拆收入資料,3
nearest_title,(a) 收入,3
nearest_title,(i) 客户合約收益分拆,3
nearest_title,3. 收益,3
nearest_title,4. 經營分部資料(續),3
nearest_title,分部收益及業績,3
nearest_title,分部業績,3
nearest_title,合併收益表,3
nearest_title,國際財務報告準則第15號範圍內的客户合約收入,3
nearest_title,截至2025年12月31日止年度的分部業績如下:,3
nearest_title,持續經營業務,3
nearest_title,收入分類,3
nearest_title,收益的分析如下:,3
nearest_title,本集團之收益分析如下:,3
nearest_title,綜合損益及其他全面收益表,3
nearest_title,(1) 分部業績、資產及負債,2
nearest_title,(1) 業務分部,2
nearest_title,(1) 業務分部(續),2
nearest_title,(1) 營業收入和營業成本情況,2
nearest_title,(2) 營業收入、營業成本按行業(或產品類型)劃分,2
nearest_title,(2) 營業收入、營業成本的分解信息,2
nearest_title,(2) 營業收入分解信息,2
nearest_title,(2) 營業收入和營業成本按業務類型分類,2
nearest_title,(a) 分部業績,2
nearest_title,(a) 分類收益資料,2
nearest_title,(a) 收入分拆資料,2
nearest_title,(a) 業務分部,2
nearest_title,(a) 經營分部,2
nearest_title,(i) 分拆收入資料,2
nearest_title,(i) 分拆收益資料,2
nearest_title,(i) 收入分拆資料,2
nearest_title,(i) 收入資料細分,2
nearest_title,(i) 細分收益資料,2
nearest_title,"* 全球WPS Office月活躍設備數定義為WPS Office各端月活躍設備數合併,不包含金山文檔、金山詞霸等產品數據。",2
nearest_title,3. 收入及分部資料,2
nearest_title,3. 收益及經營分部資料,2
nearest_title,4 收入,2
nearest_title,4 收益,2
nearest_title,5. 收入以及其他收入及收益(續),2
nearest_title,XPENG INC.,2
nearest_title,下文為本集團按可呈報分部劃分的收入及業績分析:,2
nearest_title,下文載列客户合約收益與分部資料所披露金額的對賬。,2
nearest_title,下表載列我們來自各產品類別的收入概要:,2
nearest_title,下表載列我們於所示年度的收入明細(以金額及其佔總收入的百分比顯示):,2
nearest_title,下表載列按業務分部劃分的收益分析:,2
nearest_title,下表載列收入資料:,2
nearest_title,下表載列本集團產品分類的銷售明細及百分比:,2
nearest_title,以下為按主要業務線對客户合約收入進行劃分:,2
nearest_title,以下為按可報告分部劃分之本集團收益及業績分析。,2
nearest_title,以下為本集團按可呈報分部劃分的收入及業績分析:,2
nearest_title,以下為本集團按營運分部分類的收益及業績的分析:,2
nearest_title,以下為本集團按經營及可呈報分部劃分的收益及業績分析。,2
nearest_title,以下為本集團按經營及可報告分部劃分的收入及業績分析:,2
nearest_title,來自客户合約的收益之細分,2
nearest_title,來自製造及買賣彈性織物面料、蕾絲及彈性織帶的收入於即時確認。,2
nearest_title,"儘管商業環境存在不確定性和挑戰,本集團仍堅定聚焦於環保相關業務。將審慎探尋業務重組和產業升級的機遇,以增強環境業務的可持續性。",2
nearest_title,其他包括總部經營以及並未歸屬於上述分部的其他項目。,2
nearest_title,分拆收入資料,2
nearest_title,分部業績及其他分部項目如下:,2
nearest_title,"分部負債不包括未分配總部及公司負債(例如其他應付款項以及租賃負債),原因為此等負債按集團基準管理。",2
nearest_title,分部财务信息,2
nearest_title,分類收入資料,2
nearest_title,分類收益及業績,2
nearest_title,客户合約收益分拆,2
nearest_title,客户合約收益劃分:,2
nearest_title,客户合約收益按主要產品或服務線分拆如下:,2
nearest_title,年內已確認的各重大類別收益的金額如下:,2
nearest_title,截至2025年12月31日止年度的分部資料如下:,2
nearest_title,截至2025年及2024年12月31日止年度的收益如下:,2
nearest_title,所示期間內我們按分部劃分的收入明細如下表:,2
nearest_title,拆分客户合約收入:,2
nearest_title,按主要產品或服務線分列來自客户合約收益如下:,2
nearest_title,按可報告分類劃分本集團之收益及業績分析如下:,2
nearest_title,按服務劃分的客户合約收入分類如下:,2
nearest_title,按業務性質劃分,2
nearest_title,按銷售渠道劃分的收益,2
nearest_title,摘要,2
nearest_title,收入劃分,2
nearest_title,"收入指經營酒店收入、物業租金收入及股息收入之總額,並分析如下:",2
nearest_title,收入明細如下:,2
nearest_title,收入的分析如下:,2
nearest_title,收益、其他收入及收益的分析如下:,2
nearest_title,"收益乃有關物業代理服務之代理佣金、金融服務收入及應收貸款之利息收入,扣除營業稅及其他稅項。本集團本年度之收益分析如下:",2
nearest_title,收益指售出貨品的發票淨值。收益的分析如下:,2
nearest_title,於年內某一時間點確認本集團來自客户合約之收益如下:,2
nearest_title,於年內確認的收益及其他收入以及其他收益如下:,2
nearest_title,本集團之收入分析如下:,2
nearest_title,本集團之收益包括下列各項:,2
nearest_title,本集團就某時間段及某一時間點的貨品及服務轉移獲取的客户合約收入如下:,2
nearest_title,本集團收入分析如下:,2
nearest_title,本集團收益分析如下:,2
nearest_title,"本集團的收入來自於某一時間段內或某一時點轉移的商品和服務,主要收入來源如下:",2
nearest_title,本集團自其主要產品所得收益的分析如下:,2
nearest_title,"根據產品及服務的性質,主要營運決策者確定兩個可報告分部(即角色授權,以及電子商務及其他)。角色授權業務主要從事提供授權服務及設計諮詢服務,而電子商務及其他業務則主要從事透過線上平台及線下渠道買賣授權品牌產品。",2
nearest_title,業務分部,2
nearest_title,"此等經營分部均受到監管,而策略性決定乃根據經調整之分部經營業績而作出。",2
nearest_title,營業額,2
nearest_title,"營業額指製造業務之銷售、集裝箱租賃及物流服務之服務收益減有關銷售稅,分析如下:",2
nearest_title,"管理層對本集團經營分部的業績進行單獨監督,以便作出有關資源分配及績效評估的決策。分部表現依據可報告分部的收益進行評估。",2
nearest_title,細分收入資料,2
nearest_title,經分拆之收入資料,2
nearest_title,貨品或服務種類,2
nearest_title,貨品或服務類別,2
nearest_title,香港財務報告準則第15號範圍內的客户合約收益,2
nearest_title,(1) 主營業務-按產品分類,1
nearest_title,(1) 主營業務分產品、分地區情況,1
nearest_title,(1) 各主要業務之收入如下:,1
nearest_title,(1) 報告分部的財務信息,1
nearest_title,"(1) 本報告期內,主營業務分行業、分地區、分銷售模式情況",1
nearest_title,(1) 經營分部(續),1
nearest_title,(1). 主營業務分行業、分產品、分地區、分銷售模式情況,1
nearest_title,(2) 主營業務(分產品),1
nearest_title,(2) 主營業務(分行業),1
nearest_title,(2) 營業收入、營業成本按產品所屬領域劃分,1
nearest_title,(2) 營業收入和營業成本的分解,1
nearest_title,(2) 與客户之間的合同產生的收入按商品或服務類型分解,1
nearest_title,(3) 收入及分部報告(續),1
nearest_title,(3a) 收入及分部資料,1
nearest_title,(4) 營業收入、營業成本按商品轉讓時間劃分,1
nearest_title,(5) 分部分析,1
nearest_title,(a) 2025年度及2025年12月31日分部信息列示如下:,1
nearest_title,(a) 來自客户合約的收入分拆,1
nearest_title,(a) 分列收入資料,1
nearest_title,(a) 分列收益資料,1
nearest_title,(a) 分拆來自客户合約之收益,1
nearest_title,(a) 分部收入及業績,1
nearest_title,(a) 分部收入及業績之分析,1
nearest_title,(a) 分部收益,1
nearest_title,(a) 分部收益及業績,1
nearest_title,(a) 分部收益資料,1
nearest_title,(a) 分部業績(續),1
nearest_title,(a) 分部業績以及資產及負債,1
nearest_title,(a) 分類收入及業績(續),1
nearest_title,(a) 分類收益的資料,1
nearest_title,(a) 可呈報分部,1
nearest_title,(a) 可呈報分部損益、資產及負債的資料概述如下:,1
nearest_title,(a) 可呈報分部收益及業績,1
nearest_title,(a) 可申報營運分部,1
nearest_title,(a) 可申報營運分部(續),1
nearest_title,(a) 向執行董事提供的有關可呈報分部於截至2025年12月31日止年度的分部資料如下:,1
nearest_title,(a) 報告期内的收入,1
nearest_title,(a) 客户合約收入之明細,1
nearest_title,(a) 客户合約收入分析如下:,1
nearest_title,(a) 客户合約收入分類,1
nearest_title,(a) 客户合約收益分拆,1
nearest_title,"(a) 截至二零二五年及二零二四年十二月三十一日止年度,本集團來自其主要產品之收入載列如下:",1
nearest_title,"(a) 截至二零二四年及二零二三年十二月三十一日止年度,本集團來自其主要產品之收入載列如下:",1
nearest_title,(a) 按業務分部劃分,1
nearest_title,(a) 按業務線及性質劃分的收入,1
nearest_title,(a) 按產品劃分的收益,1
nearest_title,(a) 提供予主要經營決策者的分部資料如下:,1
nearest_title,(a) 收入:,1
nearest_title,(a) 收入分析,1
nearest_title,(a) 收入劃分,1
nearest_title,(a) 收入明細信息,1
nearest_title,(a) 收入資料分類,1
nearest_title,(a) 收入資料劃分,1
nearest_title,(a) 收入資料明細,1
nearest_title,(a) 收入資料細分,1
nearest_title,(a) 收益,1
nearest_title,(a) 收益分拆,1
nearest_title,(a) 收益的細分資料,1
nearest_title,(a) 收益資料劃分,1
nearest_title,(a) 收益資料明細,1
nearest_title,(a) 收益資料細分,1
nearest_title,(a) 數碼存儲產品;及,1
nearest_title,(a) 有關須報告分部收入、除所得稅前溢利或虧損之資料及其他資料,1
nearest_title,(a) 本年度按主要服務類別分類的客户合約收益如下:,1
nearest_title,(a) 本集團按經營分類劃分之收益及業績分析,1
nearest_title,(a) 與客户簽訂合同的收益分類,1
nearest_title,(a) 香港財務報告準則第15號範圍內來自客户合約的收入確認如下:,1
nearest_title,(b) 客户合同收入,1
nearest_title,(d) 收入分拆,1
nearest_title,(e) 分部資料,1
nearest_title,(i) 下文概述本集團可呈報分部:,1
nearest_title,(i) 來自客户合約之收益分類,1
nearest_title,(i) 來自客户合約之收益的分解,1
nearest_title,(i) 來自客户合約之營業額分拆如下,1
nearest_title,(i) 來自客户合約的營業收入分類,1
nearest_title,(i) 分拆來自客户合約的收入,1
nearest_title,(i) 分解收入資料,1
nearest_title,"(i) 分部收入及業績,以及分部資產及負債",1
nearest_title,(i) 分部業績、資產及負債,1
nearest_title,(i) 分部資料:,1
nearest_title,(i) 分開計算來自客户合約之收入:,1
nearest_title,(i) 分類收益資料,1
nearest_title,(i) 客户合約收入分拆,1
nearest_title,(i) 客户合約收入分類,1
nearest_title,(i) 客户合約收入劃分,1
nearest_title,(i) 客户合約收入明細,1
nearest_title,(i) 客户合約收益劃分,1
nearest_title,(i) 按主要產品類別分拆客户合約收益,1
nearest_title,(i) 收入分拆,1
nearest_title,(i) 收入明細,1
nearest_title,(i) 收入明細如下:,1
nearest_title,(i) 收入資料劃分,1
nearest_title,(i) 收入載列如下:,1
nearest_title,(i) 收益分拆資料,1
nearest_title,(i) 本集團來自客户合約的收入分類,1
nearest_title,(i) 本集團按主要產品及業務類別劃分的轉移商品及服務所得收入,1
nearest_title,(i) 本集團按主要產品線及業務分類自轉讓貨品及服務產生的收益,1
nearest_title,(i) 本集團按主要產品線及業務類別劃分的來自貨品及服務轉撥的收益,1
nearest_title,(i) 經分拆收入資料,1
nearest_title,(i) 與客户合約的收入按主要服務項目劃分的分類,1
nearest_title,"(ii) 供應鏈綜合服務收益同比減少37.55%,主要由於煤炭市場的下行和貿易招標模式的推行,導致蒙古國相關運輸價格下跌至歷史最低水平,中蒙口岸跨境運量因此亦有所下降。",1
nearest_title,(ii) 本集團按收益確認時間劃分自轉讓貨品及服務產生的收益,1
nearest_title,"(ii) 本集團按收益確認的時間自轉讓貨品及服務產生收益
根據確認的時間分類的收益如下:",1
nearest_title,(v) 「總部及其他」分部主要包括本集團由總部履行的公司行政及投資職能以及提供融資租賃服務。,1
nearest_title,(一) 人員組成,1
nearest_title,(二)產品銷售分析,1
nearest_title,(附註 4)「其他」分類中所包含的業務有房地產租賃業務等。,1
nearest_title,"- 分部業績指各分部的損益,不包括銀行利息收入、未分配企業收入、未分配企業開支、投資物業的公允值變動、未分配融資成本及所得稅開支。此乃就資源分配及表現評估向主要經營決策者報告的方法。",1
nearest_title,"- 自動駕駛卡車業務取得重大進展。1)充分發揮研發協同效應,自動駕駛出租車與自動駕駛卡車平台實現 \(80\%\) 的技術架構共享。2)推出第四代自動駕駛卡車,自動駕駛套件(「ADK」)物料清單(「BOM」)成本較上一代降低 \(70\%\) ,目標於2026年底前啟動量產及首批部署。3)在廣東江門港完成自動駕駛卡車的全無人駕駛部署。4)在極端天氣條件下成功完成嚴格的 \(1 + \mathrm{N}\) 無人駕駛編隊測試,驗證了我們在多場景、多天氣條件下的運營能力。",1
nearest_title,"- 行業聚焦方向:繼續做深做強金融、保險等優勢領域的同時,重點拓展百行千業中最有潛力的場景,包括面向消費者的聯絡中心(Contact-Center) 場景,涵蓋客服、營銷信息確認、客户經營等。此外,我們將大力發展專業服務 (Professional•Service) 領域,整合法、商、財、稅資源,打造專家Agent 共享平台,提供全球化、模塊化的綜合解決方案。",1
nearest_title,- 財務報表及營運數據如下 -,1
nearest_title,"- 集團的旗艦公司九龍巴士(一九三三)有限公司(「九巴」)於2025年錄得除稅後盈利港幣3.607億元(2024年為港幣1.268億元)。2025年的車費收入因2025年1月5日起票價上調而增加。然而,這項正面影響大部分被載客量的下降及因加薪導致的員工成本增加所抵銷。其餘的改善則受惠於有利的外部因素,包括燃油價格下降導致燃油成本減少,以及隧道費下降。",1
nearest_title,1 收入,1
nearest_title,1) 分部收入及業績,1
nearest_title,1. 分部報告(續),1
nearest_title,1. 收益淨額分析,1
nearest_title,1. 營業收入、營業成本及毛利率分析,1
nearest_title,1.3 收入、資本支出及實現價格,1
nearest_title,10. 應收賬款,1
nearest_title,11. 營業額,1
nearest_title,13. 分部報告(續),1
nearest_title,1、按業務類型的各報告分部利潤(虧損)、資產及負債信息,1
nearest_title,2 收入及分部資料,1
nearest_title,2 未分配項目主要包括(i)以股份為基礎的薪酬開支;(ii)收購產生的無形資產攤銷;(iii)按公允價值計量且其變動計入當期損益的其他金融投資之公允價值變動;(iv)其他收益/(虧損)淨額的若干項目;及(v)若干公司行政支出及其他項目。未分配項目不分配至各分部。,1
nearest_title,2) 報告分部,1
nearest_title,2. 收入及分部資料,1
nearest_title,2. 收益,1
nearest_title,2. 營業收入、營業成本的分解信息,1
nearest_title,2. 經營分部資料(續),1
nearest_title,2025年度報告分部,1
nearest_title,"2025年集團總營業收入達成人民幣3,082.3億元,較2024年同期增長8.37%。營業收入按行業、按經營分部及按地理區域劃分的明細列示如下。各項主要業務的發展情況請詳見本章節的「公司業務發展情況」小節。",1
nearest_title,2、报告分部的财务信息,1
nearest_title,2、营业收入、营业成本按板块,1
nearest_title,3 分部分析(續),1
nearest_title,3 收入,1
nearest_title,3 收益及分部資料,1
nearest_title,3. 報告分部的財務信息,1
nearest_title,3. 收益及分部資料,1
nearest_title,3. 營運分類資料(續),1
nearest_title,3. 經營分部資料(續),1
nearest_title,3. 經營分類資料(續),1
nearest_title,3.1 本集團之收益及按分部及地理位置劃分收益分析如下:,1
nearest_title,3A. 來自客户合約收益的分拆:,1
nearest_title,4 營業收入,1
nearest_title,4 經營分部資料(續),1
nearest_title,4. 收入及分部報告,1
nearest_title,4. 收益、其他收入、其他虧損及分部資料,1
nearest_title,4. 淨收益,1
nearest_title,4. 營業收入、營業成本,1
nearest_title,4. 營業額,1
nearest_title,4.1 拆分來自與客户合約的收入,1
nearest_title,4.1. 本集團的收入分析如下:,1
nearest_title,42 分部分析(續),1
nearest_title,44. 分部報告(續),1
nearest_title,45. 分部報告(續),1
nearest_title,47. 營業收入、成本,1
nearest_title,5 客户合約收益,1
nearest_title,5 收入,1
nearest_title,5 收入及分部資料,1
nearest_title,5 收益及分部資料,1
nearest_title,5. 收入、其他收入及收益,1
nearest_title,5. 收入及分部資料,1
nearest_title,5. 收益,1
nearest_title,5. 經營分部資料(續),1
nearest_title,6 收入,1
nearest_title,6 收益及分部資料(續),1
nearest_title,7. 收入,1
nearest_title,70. 分部報告(續),1
nearest_title,"An analysis of revenue and other gains or losses, net is as follows:",1
nearest_title,B. 客户合約產生的收入與分部資料所披露金額之間的對賬載列如下,1
nearest_title,Christensen China Limited,1
nearest_title,Disaggregation of revenue from contracts with customers by major products is as follows:,1
nearest_title,Disaggregation of revenue from contracts with customers by major service lines is as follows:,1
nearest_title,"For the year ended 31 December 2025, the Group generated revenue of USD14.7 million, representing an increase of around \(5.3\%\) compared with 2024. The increase in revenue is mainly attributable to the rise of the revenue of intelligent sense. The following table shows revenue breakdown by business segments:",1
nearest_title,"For the year ended December 31, 2025, our principal revenue was generated from pre-clinical research services (which include gene editing, pre-clinical pharmacology and efficacy evaluation and animal models selling) and antibody development business. The following table sets forth a breakdown of our revenue for the periods indicated:",1
nearest_title,"The following table sets forth an analysis of revenue by products and by sales regions for the years and periods indicated, presented in both absolute amounts and as percentages of total revenue.",1
nearest_title,a) 收益(亦為本集團的營業額)指來自土方工程及配套服務、一般建築工程及物業投資的收益。於相關年度內來自主要業務的已確認收益如下:,1
nearest_title,b. 其他業務,1
nearest_title,b. 收入分項,1
nearest_title,c. 内部分部收入之分析,1
nearest_title,ii) 按產品分類銷售額,1
nearest_title,"《國際財務報告準則》第8號-「經營分部」規定,經營分部將以主要營運決策者定期審閱的有關本集團組成部分的內部報告作為基礎識別,以供分配資源予各分部及評估其業績。就資源分配及業績評估而言,向本公司的董事(主要營運決策者)匯報的資料側重於《國際財務報告會計準則》整體呈報的本集團財務業績。向主要營運決策者提供的其他信息還包括以下本集團的收入明細:",1
nearest_title,"「在中國境外業務方面,我們的Legacy-DH分部於2025年的平均可出租客房收入同比增長8.2%。展望2026年,我們將繼續提升酒店運營表現,專注降本增效,優化資產結構,並進一步完善我們核心品牌的定位及價值主張。」",1
nearest_title,三項呈報分部的主要業務如下:,1
nearest_title,下列各項貢獻的收入,1
nearest_title,下列為向本公司執行董事提供截至2025年及2024年12月31日止年度申報分部的分部資料:,1
nearest_title,下列為按營運及可報告分部劃分的本集團收入及業績分析:,1
nearest_title,下文為來自本集團主要產品及服務的收入之分析:,1
nearest_title,下文為按可呈報及經營分部之本集團收益及業績以及資產及負債之分析:,1
nearest_title,下文載列本集團來自與客户訂立合約的收益分類:,1
nearest_title,"下表中,收入按主要產品和收入確認時間分類。",1
nearest_title,下表分別載列2025年及2024年按類型劃分的收入絕對金額及佔總收入的百分比:,1
nearest_title,下表分別載列2025年及2024年第一季度按類型劃分的收入絕對金額及佔總收入的百分比:,1
nearest_title,下表分別載列2025年第一季度及2024年第四季度按類型劃分的收入絕對金額及佔總收入的百分比:,1
nearest_title,下表列出了在回顧期內按主要產品類型劃分的主要經營附屬公司收入細分:,1
nearest_title,下表列出本集團收入按業務分部的構成及變動情況:,1
nearest_title,下表列明按須予呈報之營運分部劃分的本集團收入及業績分析:,1
nearest_title,下表列示2025年和2024年各項經營收入的金額和變化率:,1
nearest_title,下表列示了於所示期間本行各業務分部的營業收入情況。,1
nearest_title,下表列示我們按訂閱型SaaS業務及交易型SaaS業務中各類產品劃分的收入明細:,1
nearest_title,下表列示截至二零二四年十二月三十一日止六個月就呈報分類提供予首席營運決策人之分類業績及其他分類項目。,1
nearest_title,下表列示截至所示期間本行各業務分部的營業收入總額。,1
nearest_title,"下表列示於當前報告期間內確認的收益中與結轉的合約負債有關的數額,以及與於過往年度履行的履約責任有關的數額。",1
nearest_title,下表列示本集團截止2024年12月31日及2023年12月31日止兩個年度按產品劃分的銷售詳情:,1
nearest_title,下表呈列二零二五年及二零二四年本公司按產品類別劃分的收入確實金額及百分比:,1
nearest_title,下表呈列按合同分類的收入:,1
nearest_title,下表呈列本集團可呈報分類之收入及業績:,1
nearest_title,下表呈列本集團於截至2024年及2025年12月31日止年度的淨收入。,1
nearest_title,下表呈列本集團經營分類截至二零二五年及二零二四年十二月三十一日止年度的收入及業績。,1
nearest_title,下表所示為2025、2024及2023年按業務分部的收入分析:,1
nearest_title,"下表披露截至二零二五年十二月三十一日及二零二四年十二月三十一日止年度,按經營分類的收益及溢利資料。",1
nearest_title,下表按主要地域市場、主要產品及服務及收入確認時間分類收入。下表亦包括與本集團須呈報分部收入分類的對賬。,1
nearest_title,下表按主要產品及服務類別、收入確認時間及主要地理市場對收入進行拆解披露。,1
nearest_title,下表按業務分部載列我們於截至二零二五年及二零二四年十二月三十一日止年度的收益:,1
nearest_title,"下表提供截至2025年6月30日止六個月期間淨收益項目的明細,與去年同期的同一項目相比:",1
nearest_title,下表為本集團可呈報及經營分類的收入及業績分析:,1
nearest_title,下表為本集團可呈報經營分部的收入及業績分析:,1
nearest_title,"下表為本集團針織布料、內衣產品及空間測量之收入明細,及其所佔回顧年內本集團收入總額之百分比,並連同截至二零二四年十二月三十一日止年度之相應比較數字:",1
nearest_title,下表載列2025年及2024年按分部及類型劃分的收入:,1
nearest_title,下表載列2025年及2024年第四季度按分部及類型劃分的收入:,1
nearest_title,下表載列2025年第四季度及2025年第三季度按分部及類型劃分的收入:,1
nearest_title,下表載列二零二五財年及二零二四財年本集團的建設合約及工程服務收入、已完成項目/合約數目及佔總收入的百分比明細。,1
nearest_title,下表載列二零二五財政年度及二零二四財政年度我們按銷售渠道劃分的收益明細:,1
nearest_title,下表載列報告期內按產品類別列示的收入明細:,1
nearest_title,下表載列年內向外部客户銷售的總額(按產品計)及佔總收益之百分比(按產品計):,1
nearest_title,下表載列我們截至2024及2025年12月31日止年度按業務線劃分的收入。,1
nearest_title,下表載列我們截至二零二六年三月三十一日止年度(「本年度」)以及比較年度根據五大服務類別劃分的總收益明細:,1
nearest_title,下表載列我們按業務分部劃分的收益明細:,1
nearest_title,下表載列我們於所示年度按業務分部劃分的收入明細:,1
nearest_title,下表載列我們於所示年度按業務分部劃分的毛利及毛利率:,1
nearest_title,下表載列我們於所示年度按業務類別劃分的收入:,1
nearest_title,下表載列我們於所示年度按產品線劃分的收入金額和佔總收入的百分比明細:,1
nearest_title,下表載列我們於所示年度按類型劃分、按銷售渠道劃分及按地區市場劃分並以絕對金額表示的收益明細及佔收益的百分比:,1
nearest_title,下表載列我們於所示期間按服務/產品類型劃分的收入。,1
nearest_title,下表載列我們於所示期間按業務板塊劃分的收益:,1
nearest_title,下表載列我們於所示期間按產品類別劃分的收益、銷量、平均售價明細:,1
nearest_title,下表載列我們的收益明細:,1
nearest_title,下表載列截至2025年12月31日及2024年12月31日止年度按品牌劃分的銷售淨額明細:,1
nearest_title,下表載列截至2025年12月31日止兩個年度本集團按業務線劃分的總收益明細:,1
nearest_title,下表載列截至二零二五年十二月三十一日及二零二四年十二月三十一日止年度本集團的毛利明細:,1
nearest_title,下表載列截至二零二五年及二零二四年十二月三十一日止年度該等須予報告及經營分部之收益及業績資料。,1
nearest_title,下表載列所示各年度本集團按分部劃分的收益明細及各項目佔收益的百分比:,1
nearest_title,下表載列所示年度各業務分部的收入總額。,1
nearest_title,下表載列所示年度各須予報告分部收入及各自佔總收入的百分比:,1
nearest_title,下表載列所示年度我們的產品、許可授權及其他收入明細:,1
nearest_title,下表載列所示年度按所提供服務的類型劃分的收益明細:,1
nearest_title,下表載列所示年度按產品類型劃分的收益明細:,1
nearest_title,下表載列所示年度按經營分部劃分的收益組成部分:,1
nearest_title,下表載列所示期間本集團按產品類別劃分的產品銷售收益明細。,1
nearest_title,下表載列按主要地區市場、主要產品及服務項目以及收入確認時間分拆之收入。下表亦載列分拆收入與本集團可呈報分部間之對賬。,1
nearest_title,下表載列按類別劃分的收入、毛利及毛利率:,1
nearest_title,下表載列於2025年度及2024年度我們提供的各類教育服務的本集團收益明細:,1
nearest_title,下表載列於2025財政年度及2024財政年度按產品劃分的收益分析。,1
nearest_title,下表載列於報告期間按產品類別劃分的收益明細:,1
nearest_title,下表載列於截至2025年及2024年12月31日止年度按業務分部劃分之收益:,1
nearest_title,下表載列於截至2025年及2024年12月31日止年度按產品及服務類別劃分的收入:,1
nearest_title,下表載列於截至二零二五年十二月三十一日及二零二四年十二月三十一日止年度按業務分部劃分並以絕對金額及佔總收入百分比列示的總收入明細:,1
nearest_title,下表載列於所示年度我們按廣告類型及其各自佔我們總收益的百分比劃分的收益明細:,1
nearest_title,下表載列於所示年度按主要產品及服務劃分的收益明細。,1
nearest_title,"下表載列於所示年度按商品或服務類型劃分的收入明細,以實際金額及佔總收入的百分比列示:",1
nearest_title,下表載列於所示年度按業務活動劃分的本集團收益明細:,1
nearest_title,下表載列於所示年度按業務線劃分的收入明細(以絕對金額及佔總收入的百分比列示):,1
nearest_title,下表載列於所示年度按業務線劃分的收益、銷售成本、毛利及毛利率:,1
nearest_title,下表載列於所示年度按產品類型劃分的收入明細:,1
nearest_title,下表載列於所示年度本集團按業務分部劃分之收益明細:,1
nearest_title,下表載列於所示年度本集團按產品類別劃分之收益明細。,1
nearest_title,下表載列於所示期間各業務分部的收入貢獻:,1
nearest_title,"下表載列於所示期間我們按產品類型劃分的收入明細,按絕對金額及佔我們總收入的百分比呈列:",1
nearest_title,下表載列於所示期間我們的收益來源明細:,1
nearest_title,下表載列於所示期間按業務板塊劃分的收入明細:,1
nearest_title,下表載列於所示期間按經營分部劃分的分部收入(以數字及佔總收入的百分比形式呈列)。,1
nearest_title,下表載列於所示期間本集團按業務分部劃分的收入明細:,1
nearest_title,下表載列於所示期間本集團的分部利潤率(以利潤總額除以分部收入計算):,1
nearest_title,下表載列於所示期間本集團的利潤總額(以分部收入減分部經營開支計算):,1
nearest_title,下表載列有關本集團向本集團董事局及高層管理行政人員呈報以進行資源分配及分部表現評估之截至2025年及2024年12月31日止年度的分部資料。,1
nearest_title,下表載列本公司2025年度及2024年度按業務劃分的收入的絕對金額和佔收入的百分比:,1
nearest_title,下表載列本年度及2024財政年度按業務分部劃分的本集團收入明細:,1
nearest_title,下表載列本集團2024財年及2025財年按服務線劃分的收入。,1
nearest_title,下表載列本集團不同業務分部的總收入:,1
nearest_title,"下表載列本集團來自其主要服務的收入之分析,其皆於《國際財務報告準則》第15號「客户合約的收入」範圍內隨時間確認:",1
nearest_title,下表載列本集團報告期內及去年同期按產品類別劃分的收入明細。,1
nearest_title,下表載列本集團截至2025年及2024年12月31日止年度按業務線劃分的收入明細:,1
nearest_title,下表載列本集團截至2026年及2025年3月31日止年度按項目類型劃分的收入明細:,1
nearest_title,下表載列本集團按分類劃分之收益明細:,1
nearest_title,下表載列本集團按所示業務劃分的收益明細:,1
nearest_title,下表載列本集團按業務集團劃分的收入明細:,1
nearest_title,下表載列本集團按產品類型的收入明細:,1
nearest_title,下表載列本集團收入及業績(包括應佔聯營公司及合營公司溢利和虧損)之可報告分部資料:,1
nearest_title,下表載列本集團於2025年及2024年按業務線、地區及銷售渠道劃分的主營業務收入的絕對金額及百分比:,1
nearest_title,下表載列本集團於年內按各業務線劃分的收入。,1
nearest_title,下表載列本集團於往績記錄期內按業務分部劃分的收入明細:,1
nearest_title,下表載列本集團於截至2025年及2024年12月31日止年度的收益明細:,1
nearest_title,下表載列本集團於截至二零二五年及二零二四年十二月三十一日止年度按可呈報分部劃分的營業額詳情:,1
nearest_title,下表載列本集團於截至二零二五年及二零二四年十二月三十一日止年度按業務分部劃分的收入明細:,1
nearest_title,下表載列本集團於截至二零二五年及二零二四年十二月三十一日止年度的收益明細:,1
nearest_title,下表載列本集團於所示年度按發行模式劃分的收益實際金額及佔總收益百分比的明細:,1
nearest_title,下表載列本集團於所示年度的收入(按服務類型劃分)詳情:,1
nearest_title,"下表載列本集團於所示期間的分部收入(以絕對金額及佔其收入的百分比列示)。於報告期內,本集團的總收入減少28.7%至人民幣763.4百萬元(截至2024年12月31日止年度:人民幣1,071.2百萬元)。該減少主要由於受國內電信業監管政策調整的影響,導致我們PaaS服務及部分SaaS服務的國內收入出現下降。",1
nearest_title,下表載列本集團於本年度按產品分類的持續經營業務收益明細:,1
nearest_title,下表載列本集團於相關財政年度分別自該等分部取得的收益及佔總收益的百分比:,1
nearest_title,下表載列每個分部在各所示財政期間產生的本集團收益明細及各分部的收益貢獻佔本集團收益總額的百分比:,1
nearest_title,主營業務(分產品):,1
nearest_title,主營業務分產品情況,1
nearest_title,主營業務運輸品種情況,1
nearest_title,"主要營運決策者定期審閱本集團表現及其內部報告,以評估表現及分配資源。主要營運決策者根據分部業績之計量評估營運分部表現。該計量基準包括未扣除其他收入、其他虧損/收益-淨額及融資成本-淨額之營運分部盈虧,惟不包括企業及未分配開支。向主要營運決策者提供之其他資料按與綜合財務報表所載方式一致者計量。",1
nearest_title,"二零二五年,大宗商品行業進入深度調整期,外部環境複雜多變,市場需求與定價體系持續重構,行業經營壓力顯著加大。鋼鐵行業供強需弱格局延續,粗鋼產量與消費量同比下降,需求結構由建築用鋼轉向製造用鋼,尤其是在汽車、船舶、新能源及新基礎設施等領域。焦煤市場全年經歷劇烈波動,價格中樞大幅下移。鋼廠掌握定價主導權,上游資源端盈利空間收窄,中間貿易環節遭受雙向擠壓,利潤空間極度稀薄。同時,下游企業普遍執行低庫存、快周轉策略,進一步加劇貿易流通環節經營風險,對企業風控能力、運營效率提出更高要求。在上述複雜嚴峻的市場環境下,本集團錄得綜合收益25,241百萬港元,較二零二四年的39,166百萬港元減少35.55%。該減少主要由於焦煤價格同比下跌及煤炭貿易量相應減少,導致煤炭貿易收益較去年同期減少42.50%。",1
nearest_title,"五 合併財務報表主要項目附註(續)
45 分部報告(續)",1
nearest_title,以「Yixin Automotive Technology Group Limited」的名義於香港經營業務),1
nearest_title,以下為對本集團自產品產生的收入的分析:,1
nearest_title,"以下為截至2024年12月31日止年度按呈報分部劃分本集團持續經營業務的收益及業績分析。由於本集團截至2023年12月31日止年度僅經營一個呈報分部,故並無按呈報分部分析期內本集團持續經營業務的收益及業績。",1
nearest_title,以下為按分部劃分的本集團收入分析:,1
nearest_title,以下為按可呈報分部劃分之本集團收益及業績分析:,1
nearest_title,以下為按可呈報分部劃分的本集團收益及業績的明細:,1
nearest_title,以下為按可呈報分部的本集團收益及業績之分析。,1
nearest_title,以下為按可呈報分部載列的本集團營業額及業績分析。,1
nearest_title,以下為按可呈報及營運分部劃分的本集團收入、業績、資產及負債分析:,1
nearest_title,以下為按可呈報及經營分部劃分之本集團收益及業績分析:,1
nearest_title,以下為按可呈報及經營分部劃分之本集團收益及業績分析。,1
nearest_title,以下為按可報告分部呈列之本集團收益及業績分析:,1
nearest_title,以下為按可報告分類劃分的本集團收入及業績之分析:,1
nearest_title,以下為按可申報分部分析之本集團收入及業績。,1
nearest_title,以下為按呈報分部呈列的本集團的收入及業績分析:,1
nearest_title,以下為按呈報及業務分類之本集團收益及業績分析。,1
nearest_title,以下為按營運及可呈報分部劃分之本集團收益及業績分析:,1
nearest_title,以下為按申報分部劃分之營業額及業績之分析:,1
nearest_title,以下為按經營及可予呈報分部劃分的本集團的收益及業績分析:,1
nearest_title,以下為按須予報告分部劃分之本集團營業收入及業績分析:,1
nearest_title,以下為有關本集團提供予本集團高級管理層以作為本年度之資源分配及評估分類表現之分類呈報資料。,1
nearest_title,以下為本集團主要服務收益的分析:,1
nearest_title,以下為本集團主要產品產生之收益分析。,1
nearest_title,以下為本集團來自其主要產品及服務之收益分析:,1
nearest_title,以下為本集團來自客户合約的收益及分部業績分析:,1
nearest_title,以下為本集團可呈報分部業績、資產及負債分析:,1
nearest_title,以下為本集團呈報分部之收益、業績、資產及負債分析:,1
nearest_title,以下為本集團按匯報及經營分部劃分的來自經營業務的收入及業績分析。,1
nearest_title,以下為本集團按可呈報分部劃分之收入及業績之分析。,1
nearest_title,以下為本集團按可呈報及經營分部劃分之收益及業績分析:,1
nearest_title,以下為本集團按可呈報及經營分部劃分之收益及業績分析。,1
nearest_title,以下為本集團按可呈報及經營分部劃分來自經營業務之收益及財務表現分析:,1
nearest_title,以下為本集團按可報告分部劃分之收益及業績分析:,1
nearest_title,以下為本集團按可報告分部的收入及業績之分析:,1
nearest_title,以下為本集團按可報告及營運分部劃分之收入及業績分析:,1
nearest_title,以下為本集團按可報告及經營分部劃分的收益及業績分析。,1
nearest_title,以下為本集團按呈報及經營分類劃分之收入及業績分析:,1
nearest_title,以下為本集團按經營及可呈報分部劃分之業績分析。,1
nearest_title,以下為本集團按經營及可呈報分類劃分之收益及業績分析:,1
nearest_title,以下為本集團按經營及可報告分部劃分的收入及業績的分析:,1
nearest_title,以下為本集團按經營及報告分部劃分之營業額及業績分析。,1
nearest_title,以下為本集團收益及業績按持續經營業務之可呈報分部劃分之分析:,1
nearest_title,以下為本集團於特定時點確認之營業收入分析:,1
nearest_title,以下為本集團根據可呈報及經營分部劃分的收益及業績分析:,1
nearest_title,以下為本集團的主要產品收入分析:,1
nearest_title,"以下載列按收益確認時間劃分之客户合約收益分析,連同截至二零二四年及二零二三年十二月三十一日止六個月向本集團執行董事所提供(以作資源分配及分部表現評估)與本集團可報告分部相關之資料。",1
nearest_title,以下載列收入的分析:,1
nearest_title,以下載列本集團從不同可呈報分部產生的客户合約收入按確認時間及地區市場劃分的分類:,1
nearest_title,來自合約客户之收入,1
nearest_title,來自合約客户的收益按主要產品和服務類別分類如下:,1
nearest_title,來自外部客户的收益,1
nearest_title,來自客户之合約收入的分列,1
nearest_title,來自客户合約之收入分列,1
nearest_title,來自客户合約之收入明細,1
nearest_title,來自客户合約收益之細分,1
nearest_title,來自客户合約的收入及其他來源收入分析如下:,1
nearest_title,來自客户合約的收益分拆如下:,1
nearest_title,來自客户合約的收益劃分,1
nearest_title,來自客户合約的收益劃分如下:,1
nearest_title,來自客户合約的收益按主要產品或服務項目分類如下:,1
nearest_title,來自客户合約的銷售收入,1
nearest_title,來自持續經營業務的收益分析如下:,1
nearest_title,來自本年度客户合約之營業額如下:,1
nearest_title,來自本集團主要產品之分類營業額如下:,1
nearest_title,來自本集團各經營分類之收入及收益及分類資產概括如下:,1
nearest_title,來自本集團客户合約的收入明細:,1
nearest_title,來自與客户訂立之合約的收入按主要產品之分拆如下:,1
nearest_title,"兩個年度內,分部間並無任何收入及轉讓。",1
nearest_title,其他分部資料:,1
nearest_title,其他業務(續),1
nearest_title,分拆來自客户合約的收益,1
nearest_title,分服務及產品收入分類如下:,1
nearest_title,分部,1
nearest_title,分部(虧損)收益,1
nearest_title,分部信息,1
nearest_title,"分部利潤或虧損指分攤所得稅費用及所佔聯營企業的業績前各分部所賺得的利潤。分部資產及負債分配予各分部,惟遞延稅項資產或負債除外。",1
nearest_title,分部報告如下:,1
nearest_title,分部損益不包括其他收入、匯兌收益淨額、銷售及分銷成本、一般及行政開支以及融資成本。分部資產不包括租賃辦公室、於一間聯營公司的投資、銀行及現金結餘及其他未分配資產。分部負債不包括租賃負債、借款、即期稅項負債、遞延稅項負債及其他未分配負債。,1
nearest_title,分部損益並不包括若干其他收入、若干其他收益及虧損及未分配企業開支。,1
nearest_title,分部收入、業績及其他資料,1
nearest_title,分部收入及業績(續),1
nearest_title,分部收入及業績與年度溢利的對賬如下:,1
nearest_title,分部收益及業績(續),1
nearest_title,分部業績、資產及負債,1
nearest_title,"分部業績即各分部所賺取的溢利,惟並無分配未分配開支(包括行政開支以及銷售及分銷成本)、其他收入、其他收益及虧損、融資成本及所得稅開支。該計量方式會呈報主要營運決策者以作資源分配及表現評估。",1
nearest_title,分部業績如下:,1
nearest_title,分部業績資料如下:,1
nearest_title,分部簡明收益表,1
nearest_title,"分部表現根據呈報分部利潤/虧損而評估,基於本集團的稅前利潤/虧損進行計量。分部間銷售及轉讓乃參考對第三方銷售的售價,按與現行市價相若的合同價格進行。",1
nearest_title,"分部負債不包括應付稅項以及其他未分配總公司及企業負債,原因為該等負債均以集團為基礎進行管理。",1
nearest_title,"分部負債不包括總公司及其他未分配負債,此乃由於此等負債以集團為基礎管理。",1
nearest_title,分部財務資料,1
nearest_title,"分部資產包括分部使用之所有有形資產、無形資產及流動資產。分部負債包括分部直接管理之所有流動負債及非流動負債。收入及開支參照須予呈報分部所產生之銷售額及所產生之開支,或該等分部應佔資產之折舊或攤銷,分配至該等分部。分部間銷售參照就類似訂單向外界人士收取之價格定價。有關分部資料如下:",1
nearest_title,分部資產和分部負債的計量與合併財務狀況表一致。該等資產與負債按各分部的經營進行分配。,1
nearest_title,分部間收入及轉讓是參照按當時主要市價銷售給第三方所使用的售價進行的。,1
nearest_title,分部間的銷售和轉讓以相關各方共同商定的價格進行。,1
nearest_title,分部間銷售及轉讓乃參考按照當時市場價格銷售予第三方的售價處理。,1
nearest_title,分部間銷售及轉讓乃參考當時向第三方按市價作出銷售的售價進行。,1
nearest_title,分部間銷售及轉讓乃按當時通行市價參考出售予第三方時所訂售價進行交易。,1
nearest_title,分類,1
nearest_title,分類業績指各分類的除所得稅前(虧損)/溢利(未經分配其他收入、未分攤公司費用、未分攤其他虧損淨額、業務合併所產生收益、攤薄以權益法入賬之投資的收益、分佔以權益法入賬的投資業績、按公允值列賬及計入損益之其他金融資產的公允值收益/(虧損)、按公允值列賬及計入損益的應收以權益法入賬的投資貸款及按公允值列賬及計入損益的以權益法入賬的投資欠款的公允值虧損、可換股債券的公允值(虧損)/收益及未分攤融資成本)。,1
nearest_title,及委任副總裁,1
nearest_title,可報告分部損益、資產及負債之資料:,1
nearest_title,可報告分類資料,1
nearest_title,各個重大收入類別的金額如下:,1
nearest_title,"各分部間之銷售及轉讓乃經參考向第三方作出銷售時之售價,按當時現行之市價進行交易。",1
nearest_title,"各可呈報分部的相關資料載列如下。稅前分部利潤用於計量業績,原因是管理層認為此信息與評估各分部業績最為相關。",1
nearest_title,各業務分部收入的數據如下:,1
nearest_title,各重要類別的收益分列如下:,1
nearest_title,各重要類別的收益劃分及收益確認時間如下:,1
nearest_title,各類業務之收入及經營收益總額包括下列各項:,1
nearest_title,各類產品及服務銷售情況如下:,1
nearest_title,合併損益表,1
nearest_title,合併收入表,1
nearest_title,合併經營表,1
nearest_title,向執行董事提供有關可呈報分部的分部資料如下:,1
nearest_title,向執行董事提供有關報告分部的分部資料如下:,1
nearest_title,向集團營運決策者呈報關於集團須列報的業務分類資料載列如下:,1
nearest_title,商品及服務類型,1
nearest_title,商品或服務的種類,1
nearest_title,"在內部運營方面,公司擁有多元化的產品體系和覆蓋各業務部門的全棧技術基礎架構,為人工智慧技術在企業運營中的深度融合提供了廣闊的平台,有效促進了業務流程的智能化,增強企業的產出效能和長遠核心競爭力。受益於此,二零二五年的銷售、行政及研發開支較去年同期合共減少13.2%,集團運營架構持續輕量化,進一步發揮運營槓桿優勢,推動核心EBITDA同比上升52.7%至人民幣352.8百萬元。",1
nearest_title,"在我們的大多數零售市場中,在某些情況下會免除年費,調整收入確認以反映客户支付年費的意願。本集團遞延其信用卡獎賞計劃積分的公允價值,並於客户換領積分時確認收入及與兌現積分相關的成本。",1
nearest_title,執行董事審閱本集團的內部報告以評估本集團的表現及分配資源。執行董事乃根據該等內部報告釐定以下經營分部。,1
nearest_title,"執行董事根據經營分部的相關(虧損)/溢利評估其表現,而相關(虧損)/溢利則透過除所得稅前(虧損)/溢利計量,惟不包括集中管理的財務收入、財務成本及其他公司項目。",1
nearest_title,"報告期內,本集團營業額約為人民幣16,509,708,000元,比去年的約人民幣18,121,861,000元下降 \(8.9\%\) ,各業態的營業額及銷售成本情況如下:",1
nearest_title,報告期內各分部業務收入如下:,1
nearest_title,報告期內確認之各重大類別之收益金額如下:,1
nearest_title,"大宗商品價格出現 833.8 百萬美元的有利變動,主要得益於以下金屬價格的上漲:銅(712.8 百萬美元)、銀(152.9 百萬美元)、金(116.1 百萬美元)、鋅(31.1 百萬美元)、鈷(4.9 百萬美元),及鉬(1.4 百萬美元)。該增長部分被二零二五年銅商品套期保值淨虧損 171.6 百萬美元所抵銷(二零二四年錄得套期保值收益 13.6 百萬美元)。價格變動包括對未結算銷售合約的市值調整。",1
nearest_title,天鴿互動控股有限公司,1
nearest_title,"如下所示的分部業績代表未計未分配財務收入、未分配財務成本以及未分配的其他開支、其他收入及其他虧損的經營溢利/虧損。本期間向主要營運決策者提供的分部資料,連同截至2025年12月31日止六個月之未經審核比較數字如下:",1
nearest_title,媒體業務,1
nearest_title,客户合同收入分析如下:,1
nearest_title,客户合同收入分類,1
nearest_title,客户合同收益按主要產品或服務線之分拆如下:,1
nearest_title,客户合約之收益細分,1
nearest_title,客户合約收入分類,1
nearest_title,客户合約收入按主要服務線劃分如下:,1
nearest_title,客户合約收入按收入確認時間及主要活動分類如下:,1
nearest_title,客户合約收入的分類,1
nearest_title,客户合約收入的劃分:,1
nearest_title,客户合約收益分拆:,1
nearest_title,客户合約收益指以下年度已完工的合約工程及石材的銷售額:,1
nearest_title,客户合約收益按主要產品或服務項目劃分的收益明細情況如下:,1
nearest_title,客户合約收益明細如下:,1
nearest_title,客户合約收益的分類收益資料,1
nearest_title,客户合約收益細分,1
nearest_title,對外交易收入,1
nearest_title,對營業額的分析如下:,1
nearest_title,就可呈報分部向主要經營決策者提供的截至二零二五年及二零二四年十二月三十一日止年度的分部資料如下:,1
nearest_title,就截至2024年及2023年12月31日止六個月可呈報分部向本公司主要營運決策者提供的分部資料如下:,1
nearest_title,"就截至二零二五年及二零二四年十二月三十一日止年度之資源分配及分部績效評估而言,向本集團最高執行管理人員提供之有關本集團可報告分部資料載列如下:",1
nearest_title,就於年內分配資源及評估分部表現向本集團最高層行政管理人員提供有關本集團可呈報分部的資料載列如下。,1
nearest_title,"就電影娛樂、新媒體開發及特許權業務而言,本集團給予其客户之信貸期一般由現金交收至30日不等。本集團致力對其未收回應收款項維持嚴格監控。資深管理層負責定期檢討逾期結餘。所有應收賬款預期於一年內收回。",1
nearest_title,就須予呈報分部向主要經營決策者提供之分部資料如下:,1
nearest_title,"展望二零二六年全球經濟貿易預期穩定增長,集裝箱運力交付相對較低,但紅海危機和區域競爭依然存在不確定性。公司將聚焦亞洲區,通過精細化管理挖掘市場、效率和成本潛力,堅持為優質客户提供量身定制的差異化服務,幫助各利益相關方實現更高的價值,從而成長為世界級綜合物流服務解決方案供應商。",1
nearest_title,"展望未來,我們將以堅守穿越週期,以破局開拓新局,以突圍決勝未來,打造基業長青的設備綜合運營服務生態,持續為股東與社會創造長遠價值。在此,向每一位關心支持宏信建發的股東、客户、合作夥伴與全體同仁,致以最誠摯的謝意!讓我們凝心聚力,共赴宏信建發新征程,共繪行業高質量發展新藍圖!",1
nearest_title,已確認的收益款項如下:,1
nearest_title,"年內,按主要產品或服務線劃分的來自客户合同的收入分拆如下:",1
nearest_title,"年內,本集團收益分析如下:",1
nearest_title,"年內,本集團的銷售主要來自銷售紗線、坯布、無紡布與面料。紗線繼續為本集團的主要產品。由於紗線銷售量的增加,二零二五年紗線銷售額較二零二四年上升約1.1%。下列為本集團各種產品的銷售分析。",1
nearest_title,年內個別佔本集團持續經營業務總收益 \(10\%\) 以上的客户收益如下:,1
nearest_title,年內向執行董事提供的可呈報分部之分部資料如下:,1
nearest_title,年內已確認之收入如下:,1
nearest_title,年內按服務線劃分的客户合約收入如下:,1
nearest_title,年內本集團之收入及業績按營運分部分析如下:,1
nearest_title,年內本集團按產品劃分的收益分析如下:,1
nearest_title,年內本集團收益之分析如下:,1
nearest_title,年內本集團經營業務之客户合約收益分析如下:,1
nearest_title,年內的收益以及其他收入及收益確認如下:,1
nearest_title,年內確認之收入如下:,1
nearest_title,年內確認的收入如下:,1
nearest_title,年內確認的收益及其他收入如下:,1
nearest_title,年內確認的收益如下:,1
nearest_title,從與客户的合約中分解的收益如下:,1
nearest_title,"我們在中國銷售美麗與健康領域多個產品類別的產品,即(i)專業皮膚護理產品及(ii)保健食品及其他。下表載列本集團於所示年度按產品類別劃分(醫用敷料歸類為醫療器械)的收入明細:",1
nearest_title,"我們從銷售FastData企業級數據智能解決方案及FastAGI企業級人工智能解決方案獲得收入。下表載列於所示期間我們按業務分部劃分的收入明細,以金額及佔我們總收入的百分比列示:",1
nearest_title,我們於三個核心品牌(新秀麗、TUMI及American Tourister)及其他非核心品牌下銷售產品。下表載列截至2025年12月31日及2024年12月31日止年度按品牌劃分的銷售淨額明細:,1
nearest_title,"我們於截至2024年12月31日止年度錄得總收入人民幣640.1百萬元,而截至2023年12月31日止年度為人民幣218.8百萬元。本集團主要自以下各項產生收入:(i)藥品銷售及特許權使用費收入;(ii)許可費收入;(iii)提供用於研發項目的貨品及消耗品收入;及(iv)服務收入。下表載列於所呈列年度來自客户合約的收入的組成部分:",1
nearest_title,"我們於截至2025年12月31日止年度錄得總收入人民幣566.2百萬元,而截至2024年12月31日止年度為人民幣640.1百萬元。本集團主要自以下各項產生收入:(i)藥品銷售及特許權使用費收入;(ii)許可費收入;(iii)提供用於研發項目的貨品及消耗品收入;及(iv)服務收入。下表載列於所呈列年度來自客户合約的收入的組成部分:",1
nearest_title,"我們的收入主要來自(i)遊戲,我們主要自第三方及自有分發平台銷售網絡遊戲的遊戲內虛擬物品及銷售付費遊戲產生遊戲運營收入;及(ii)TapTap平台,我們主要通過TapTap提供在線推廣服務產生收入。下表載列我們截至2024年及2023年12月31日止年度按業務線劃分的收入。",1
nearest_title,"我們的收入由2024年的人民幣472.9百萬元增加18.8%至2025年的人民幣561.7百萬元,其中來自智能汽車及邊緣AI推理的新興業務收入佔比從2024年的5.3%上升至2025年的16.4%。下表載列我們於所示年度按產品及服務類型劃分的收入明細。",1
nearest_title,"我們的收益主要來自通過兩種業務模式向我們的品牌合作夥伴提供綜合性數字解決方案,即(i)D2B模式,在該模式下,我們為品牌提供數據驅動的數字解決方案,涵蓋電子商務的各個方面;及(ii)D2C模式,在該模式下,我們直接向消費者銷售品牌產品。下表載列於所示期間按業務模式劃分的收益明細。",1
nearest_title,"我們的收益指醫療及牙科服務的價值,其包括全科醫療服務、專科醫療服務及牙科服務之收益。下表載列我們按服務類型劃分之收益明細:",1
nearest_title,我們的絕大部分收入來自(i)餐廳經營;(ii)外賣業務;(iii)調味品及食材銷售;及(iv)加盟業務。下表載列收入於所示期間的組成部分:,1
nearest_title,"我們的總收入由截至2024年12月31日止年度的人民幣941.4百萬元增加至2025年同期的人民幣1,006.9百萬元,同比增加7.0%,主要是由於公司持續升級迭代產品和解決方案,不斷完善產品矩陣,增強對更多場景的覆蓋,形成更廣泛的客户基礎。同時,我們緊密跟蹤行業趨勢和市場環境的變化,及時調整市場推廣策略和業務拓展重心,以在競爭中保持領先優勢。此外,強大的客户黏性確保了其他收入來源的持續穩定收入貢獻。持續穩定的客户復購及新客户渠道的快速發展乃收入增長的雙重驅動力。下表載列我們於所示年度按產品類別劃分的總收入明細:",1
nearest_title,我們自五個業務分部賺取收入:(i)文娛;(ii)遊戲;(iii)通信;(iv)生活服務;及(v)企業福利。下表載列於2025年及2024年按分部劃分的收入:,1
nearest_title,"截至2023年12月31日止年度,本集團有關銷售自有藥品的業務於綜合損益表中呈列為已終止經營業務。以下分部業績不包括來自該等已終止經營業務的任何金額(於附註17單獨披露)。",1
nearest_title,截至2023年及2024年12月31日止年度不同收入來源的收入明細如下:,1
nearest_title,截至2024年12月31日及2023年12月31日止十二個月按產品類型劃分的收入明細載列如下:,1
nearest_title,"截至2024年及2023年12月31日止年度,本集團按類別劃分的收入分析如下:",1
nearest_title,"截至2024年及2023年12月31日止年度的收益如下:本集團視本身為「開發與授權業務」安排的代理人,並按淨額基準將收益列賬;而本集團視本身為「綜合遊戲發行及運營業務」安排的主要負責人,並按總額基準將收益列賬。",1
nearest_title,截至2024年及2025年12月31日止年度不同收入來源的收入明細如下:,1
nearest_title,截至2024年及2025年12月31日止年度的收入如下:,1
nearest_title,"截至2025年12月31日及2024年6月30日止六個月,就資源分配及分部表現評估提供予本集團最高級行政管理人員有關本集團可呈報分部的資料載列如下。",1
nearest_title,截至2025年12月31日止年度,1
nearest_title,"截至2025年12月31日止年度,分部業績如下:",1
nearest_title,"截至2025年12月31日止年度,我們的總收入約為人民幣6,889.0百萬元,較截至2024年12月31日止年度的約人民幣5,091.5百萬元增加約35.3%,主要源於用户規模與商業化效能的快速發展,核心產品付費率顯著提升,同時創新業務積極佈局,豐富業態。下表載列所示年度我們按分部劃分的收入明細:",1
nearest_title,"截至2025年12月31日止年度,本集團產生來自客户合約的收入人民幣13,041.5百萬元。本集團產生之收入來自(i)醫藥產品銷售;(ii)授權費收入;及(iii)研發服務費收入。下表載列所示年度來自客户合約的收入的組成部分:",1
nearest_title,截至2025年12月31日止年度之分部資料呈列如下:,1
nearest_title,截至2025年12月31日止年度業績公告,1
nearest_title,截至2025年12月31日止年度的分部業績:,1
nearest_title,截至2025年12月31日止年度的損益分部信息呈報如下:,1
nearest_title,截至2025年12月31日止年度的業務分部資料如下:,1
nearest_title,"截至2025年及2024年12月31日止年度,就分配資源及評估分部表現向本集團最高級行政管理人員(亦為本公司執行董事)提供有關本集團可呈報分部的資料載列如下。",1
nearest_title,"截至2025年及2024年12月31日止年度,就可呈報分部向本集團最高行政管理人員提供的分部資料如下:",1
nearest_title,"截至2025年及2024年12月31日止年度,就資源分配及評估分部表現而言,向本集團高級執行管理人員提供有關本集團可呈報分部的資料載列如下:",1
nearest_title,"截至2025年及2024年12月31日止年度,按收益確認時間劃分的客户合約收益細分及就分配資源及評估分部表現向本集團最高層行政管理人員提供的本集團可報告分部的資料載列如下。",1
nearest_title,"截至2025年及2024年12月31日止年度,提供予首席經營決策人之呈報分部的分部資料如下:",1
nearest_title,"截至2025年及2024年12月31日止年度,本集團按類別劃分的收入分析如下:",1
nearest_title,截至2025年及2024年12月31日止年度之分部業績呈列如下:,1
nearest_title,截至2025年及2024年12月31日止年度向我們的主要經營決策者提供的報告分部的分部資料如下:,1
nearest_title,截至2025年及2024年12月31日止年度向本集團最高行政管理人員提供以供分配資源及評估分部表現的有關本集團須予報告分部資料列載如下。,1
nearest_title,截至2025年及2024年12月31日止年度按各重大類別劃分之於損益確認的客户合約收益分類如下:,1
nearest_title,截至2025年及2024年12月31日止年度本集團按類別劃分的收入分析如下:,1
nearest_title,截至2025年及2024年12月31日止年度的收入如下:,1
nearest_title,截至2025年及2024年12月31日止年度的收入明細如下:,1
nearest_title,截至二〇二四年及二〇二三年十二月三十一日止年度本集團的營業收入按類別分析如下:,1
nearest_title,截至二零二五十二月三十一日止年度的分部業績如下:,1
nearest_title,截至二零二五年十二月三十一日止六個月之分部收入及業績:,1
nearest_title,截至二零二五年十二月三十一日止六個月之分部收益及業績呈列如下:,1
nearest_title,截至二零二五年十二月三十一日止六個月提供給首席經營決策者之可呈列報告分部資料如下:,1
nearest_title,"截至二零二五年十二月三十一日止年度(「報告期」)內,本集團錄得營業額約人民幣410,475,000元,較去年同期增加約4.65%。營業額主要來自於本集團主營業務包括電力直流產品(「電力直流系統產品」或「電力直流產品」)、電動汽車充電設備及電動汽車充電服務等若干產品。下表列示本集團不同產品組別於截至二零二五年及二零二四年十二月三十一日止年度之營業額:",1
nearest_title,"截至二零二五年十二月三十一日止年度,本集團的收益約為人民幣558,223,000元,較截至二零二四年十二月三十一日止年度約人民幣505,436,000元增加約人民幣52,787,000元或10.4%。該項增加主要原因為市場需求在回顧年度期間相對截至二零二四年十二月三十一日止年度趨向復甦而有所增加所致。線下業務之收益約為人民幣323,983,000元,比去年的約人民幣290,161,000元增加約人民幣33,822,000元或11.7%。線上業務之收益約為人民幣228,738,000元,比去年的約人民幣209,636,000元增加約人民幣19,102,000元或9.1%。直接經營店舖之收益約為人民幣4,790,000元,比去年的約人民幣4,460,000元增加約人民幣330,000元或7.4%。於二零二五年十二月三十一日,本集團分別有1,307間特許加盟店舖及4間直接經營店舖,而於二零二四年十二月三十一日,本集團則分別有1,250間特許加盟店舖及4間直接經營店舖。加盟費收入約為人民幣712,000元,與去年的約人民幣1,179,000元相比,減少約人民幣467,000元或39.6%。",1
nearest_title,截至二零二五年十二月三十一日止年度之分部業績如下:,1
nearest_title,截至二零二五年十二月三十一日止年度之分部資料如下:,1
nearest_title,截至二零二五年十二月三十一日止年度及於該日之分類資料如下:,1
nearest_title,截至二零二五年十二月三十一日止年度的分部業績如下:,1
nearest_title,截至二零二五年十二月三十一日止年度的經營分部資料:,1
nearest_title,"截至二零二五年及二零二四年十二月三十一日止年度,就資源分配及分部表現評估而向本集團首席營運決策人提供之本集團可呈報分部資料載列如下:",1
nearest_title,"截至二零二五年及二零二四年十二月三十一日止年度,所有收益來自中國。",1
nearest_title,"截至二零二五年及二零二四年十二月三十一日止年度,按業務分部及本集團整體之綜合收益如下:",1
nearest_title,"截至二零二五年及二零二四年十二月三十一日止年度,提供予本集團最高級行政管理人員作資源分配和評估分部表現的本集團可呈報分部資料載列如下:",1
nearest_title,"截至二零二五年及二零二四年十二月三十一日止年度,提供予管理層有關可報告分部之分部資料如下:",1
nearest_title,截至二零二五年及二零二四年十二月三十一日止年度按服務類型劃分的收入如下:,1
nearest_title,"截至二零二四年及二零二三年十二月三十一日止年度,執行董事獲提供的分部資料如下:",1
nearest_title,"截至二零二四年及二零二三年十二月三十一日止年度,提供予本集團最高級行政管理人員作資源分配和評估分部表現的本集團可呈報分部資料載列如下:",1
nearest_title,"截至二零二四年及二零二五年十二月三十一日止年度,我們的所有收益均源自位於中國的客户。下表載列我們於截至二零二四年及二零二五年十二月三十一日止年度按業務分部劃分的收益明細:",1
nearest_title,"所有收益合約為期一年或以內。按香港財務報告準則第15號所允許者,分配至該等未履行合約的交易價格不作披露。",1
nearest_title,持續經營活動的收益和其他收益分析如下:,1
nearest_title,按主要服務線劃分的客户合約收入分拆如下:,1
nearest_title,按主要服務線劃分的客户合約收益分拆如下:,1
nearest_title,按主要業務線對收入的劃分如下:,1
nearest_title,按主要產品分類:,1
nearest_title,按主要產品劃分之客户合約收入分拆如下:,1
nearest_title,按主要產品劃分來自客户合約的收入分列如下:,1
nearest_title,按主要產品劃分的客户合約收益分拆如下:,1
nearest_title,按主要產品劃分的客户合約收益如下:,1
nearest_title,按主要產品劃分的客户合約收益明細如下:,1
nearest_title,按主要產品及服務範圍劃分的客户合約收益如下:,1
nearest_title,按主要產品或服務劃分之客户如下:,1
nearest_title,按主要產品或服務系列分類,1
nearest_title,按主要產品或服務線、客户所在地及收入確認時間分類的客户合約收入明細如下:,1
nearest_title,按主要產品或服務線劃分之收入明細如下:,1
nearest_title,按主要產品或服務線劃分的來自客户合約的收益分析載列如下:,1
nearest_title,按主要產品或服務線劃分的客户合約收入劃分如下:,1
nearest_title,按主要產品或服務線劃分的客户合約收益如下:,1
nearest_title,按主要產品或服務線劃分的細分:,1
nearest_title,按主要產品或服務線及收入確認時間劃分之客户合約收入劃分如下:,1
nearest_title,按主要產品或服務項目劃分的客户合約收益分類如下:,1
nearest_title,按主要產品或服務類別劃分的客户合約收入分類載列如下:,1
nearest_title,按主要產品線分拆客户合約收益如下:,1
nearest_title,按主要銷售渠道劃分的客户合約收益分類如下:,1
nearest_title,"按可呈報分部劃分,本集團的收益及業績分析如下:",1
nearest_title,按報告分部對本集團的報告分部業績、資產及負債分析如下:,1
nearest_title,"按收入確認時間分類之源自客户合同的收入,以及有關提供予本集團最高層行政管理人員之本集團可呈報分部資料載列如下:",1
nearest_title,按收入確認時間劃分的客户合同收入分拆以及為分配資源及評估分部表現而向本集團最高級行政管理層提供的本集團截至二零二五年及二零二四年十二月三十一日止年度的可報告分部相關資料載列如下:,1
nearest_title,按收入確認時間劃分的客户合約收入細分以及就資源分配及評估分部表現而向本集團主要經營決策者提供的截至2025年及2024年12月31日止年度有關本集團可呈報分部的資料載列如下。,1
nearest_title,"按收益確認時間分拆之與客户訂約之收益,以及向主要營運決策者提供作資源分配及評估分部年內表現用途之本集團呈報分部之資料如下。",1
nearest_title,按收益確認時間劃分的客户合約收益以及就截至2025年及2024年12月31日止年度資源分配及評估分部表現向本集團最高行政管理層提供有關本集團報告分部的資料載列如下:,1
nearest_title,"按收益確認時間劃分的客户合約收益明細,以及於截至二零二五年及二零二四年十二月三十一日止年度就資源分配及分部表現評估之目的而向本集團最高行政管理人員提供的有關本集團可呈報分部的資料載列如下。",1
nearest_title,"按收益確認時間劃分的客户合約收益明細,以及為分配資源及評估分部表現而向本集團最高級行政管理層所提供有關本集團可呈報分部的資料載列如下。",1
nearest_title,按服務種類劃分的客户合同收入分拆如下:,1
nearest_title,按服務類別劃分之收益分析如下:,1
nearest_title,"按業務分部基準呈列資料時,分部收入及業績乃根據IEM方案、元件及零件業務的收入及毛利計算。",1
nearest_title,按業務線劃分,1
nearest_title,按業務線劃分的收入分類如下:,1
nearest_title,按業務線劃分的收益明細如下:,1
nearest_title,按照國際財務報告準則第15號的規定於一段時間內及於某一時間點確認的收益的分析載列如下:,1
nearest_title,"按照報告分部資料劃分,本集團之收入及經營利潤之貢獻分析如下:",1
nearest_title,按產品,1
nearest_title,按產品及服務劃分的客户合約收益細分如下:,1
nearest_title,按產品或服務線和收入確認時間劃分的來自客户合同的收入明細如下:,1
nearest_title,按產品種類劃分:,1
nearest_title,按產品組合及產品類別劃分的收益明細載列如下:,1
nearest_title,按產品類別劃分:,1
nearest_title,按產品類別劃分的收入明細,1
nearest_title,按產品類別劃分的收入絕對金額及佔總收入的百分比,1
nearest_title,按經營及可呈報分部劃分的本集團收入及業績分析如下:,1
nearest_title,按銷售渠道區分的在IFRS第15號範圍內客户合約的收益:,1
nearest_title,按銷售渠道區分的在國際財務報告準則第15號範圍內客户合約的收益:,1
nearest_title,按類別劃分之收入分析如下:,1
nearest_title,按類別劃分之收益分析如下:,1
nearest_title,按類別劃分的收入分析如下:,1
nearest_title,"提交予主要經營決策者的其他資料(連同分部資料)的計量方式乃與財務報表所應用者一致。由於主要經營決策者並無使用任何獨立分部資產及分部負債資料分配資源或評估經營分部的表現,因此其並無獲提供有關資料。",1
nearest_title,"提供予主要經營決策者的其他資料(連同分部資料)的計量方式乃與綜合財務報表所採納者一致。由於主要經營決策者並無使用任何獨立分部資產及分部負債資料分配資源或評估持續經營分部的表現,因此其並無獲提供有關資料。",1
nearest_title,"提供予主要經營決策者的分部資料的計量方式與該等財務報表應用的方式一致。概無向主要經營決策者單獨提供分部資產及分部負債的資料,乃由於主要經營決策者不會使用該等資料分配資源予經營分部或評估經營分部的表現。",1
nearest_title,提供予本集團主要營運決策者用作資源分配和分部表現評估之本集團可呈報分部資料載列如下。,1
nearest_title,"提供電力供應服務:本集團從事銷售能源予第三方及相關方的活動。發票在每月月底開具一次,並在30日內支付。收益在提供電力的月份隨時間確認。",1
nearest_title,收入、其他收入及其他(開支)/利得淨額的分析如下:,1
nearest_title,收入、其他收入及收益淨額的分析載列如下:,1
nearest_title,收入、其他收入和毛利率,1
nearest_title,"收入、其他收益和其他虧損,淨額分析如下:",1
nearest_title,"收入。收入同比減少9.3%至截至二零二五年十二月三十一日止年度的人民幣7,366.2百萬元。下表載列截至二零二五年及二零二四年十二月三十一日止年度按分部劃分的收入:",1
nearest_title,收入主要來自向顧客銷售貨品、會員費及大賣場樓宇內出租範圍的租金。按主要產品或服務來自客户合約的收入分拆如下:,1
nearest_title,收入主要來自生產及銷售藥品、保健品及醫療器械。,1
nearest_title,收入主要包括提供PaaS及SaaS所得款項。本集團截至2025年及2024年12月31日止年度按類別劃分的收入分析如下:,1
nearest_title,"收入主要包括提供予客户的物業管理服務、增值服務及城市服務所得款項(扣除增值稅及附加費)以及折扣撥備。於本年度,本集團按類別劃分的收入以及銷售及服務成本分析如下:",1
nearest_title,"收入主要包括銷售自動駕駛解決方案及其他產品以及提供服務金額。截至2024年及2023年12月31日止年度,本集團按類別劃分的收益分析如下:",1
nearest_title,收入主要指來自天然氣銷售、LNG加工與儲運、LPG銷售業務及銷售原油之收入。香港財務報告準則第15號範圍內之來自客户合約之收入按主要產品或服務類別細分如下:,1
nearest_title,"收入乃指年內自第三方已收及應收款項淨額之總額。本集團的經營並無季節性及週期性。本集團的履約責任為合約之一部分,初始預期年期為一年或以下。客户合約收入的分類如下:",1
nearest_title,收入之分析如下:,1
nearest_title,收入分拆,1
nearest_title,收入分類資料,1
nearest_title,收入包括本集團銷售貨品、提供設計及項目諮詢服務及保養服務之發票淨額以及室內解決方案項目所得的合約收入;來自物業代理服務的收入及來自網上遊戲分銷業務的收入。於本期間已確認各重要類別的收入金額載列如下:,1
nearest_title,"收入及開支參考該等分部產生的收入以及所產生的銷售成本,分配至各報告分部。用於衡量報告分部業績的指標是毛利。分部開支及其他收入、分部資產及負債等項目並非定期提供予本集團最高層行政管理人員。一個分部向另一分部提供的協助,包括分享資產及技術知識,不予計量。",1
nearest_title,收入及開支根據呈報分部產生的銷售及開支分配至該等分部。呈報分部溢利所採用的計量方式為毛利。,1
nearest_title,"收入指來自賭場營運的賭廳收入淨額及其他經營收入,並就與客户簽訂的合約確認收入。",1
nearest_title,收入指供應予客户之產品銷售額(經扣除增值稅、其他銷售稅及折扣)。按主要產品劃分之來自客户合約之收入分拆如下:,1
nearest_title,"收入指於年內扣除退貨及交易折扣款後售出貨品之發票淨值。履約責任在體育用品交付時達成,而除新客户通常須預付款項外,付款通常於交付日期起計90至120日內到期應付。按商品類別劃分之客户合約收入細分如下:",1
nearest_title,"收入指本年度已收及應收第三方的淨額總和。本集團的經營並無季節性及週期性。本集團已對其貨品銷售應用香港財務報告準則第15號「來自客户合約之收入」(「香港財務報告準則第15號」)第121段的實際權宜方式,因合約有原預期的一年或以下期限,致使本集團不會披露有關其餘下履約責任的資料。來自客户合約之收入分類如下:",1
nearest_title,"收入指本集團年內向顧客出售貨品的已收及應收款項減折扣及銷售相關稅項、來自特許專櫃銷售之收入、服務收入以及租金收入,茲分析如下:",1
nearest_title,"收入指自於香港提供物業按揭貸款及私人貸款的貸款業務所賺取的利息收入。於年內已確認的收入及其他收入,淨額如下:",1
nearest_title,"收入指銷售發票減去退貨撥備及貿易折扣之淨值,租金收入及於投資所得收入。其分析如下:",1
nearest_title,"收入指除去退貨及貿易折扣後售出貨品之發票價值。收入、其他收入及收益/(虧損),淨額之分析如下:",1
nearest_title,收入明細,1
nearest_title,"收入為於日常業務過程中向客户銷售貨物及提供教育培訓服務的已收或應收代價以及透過直播電商賺取的佣金收入的公平值,扣除折讓及銷售相關稅項。",1
nearest_title,"收入為於日常業務過程中向客户銷售貨物及提供教育培訓服務的已收或應收代價的公平值,扣除折讓及銷售相關稅項。",1
nearest_title,收入由財政年度2024年的約102.4百萬元減少約23.7百萬港元或23.0%至報告期的約78.8百萬港元。收入分析如下:,1
nearest_title,收入的分解,1
nearest_title,收入結構,1
nearest_title,"收益(亦為本集團的營業額)指駕駛培訓服務所得收入,並隨時間推移確認。於年內確認的收益如下:",1
nearest_title,"收益乃指年內本集團向外界客户出售貨品收取及應收取之金額減折扣及其他津貼之公平值,其分析如下:",1
nearest_title,收益乃指期內本集團預期有權經扣除與銷售有關之稅項後向外來客户出售商品及提供服務享有之代價、應收貸款之利息收入及上市證券投資之股息收入。,1
nearest_title,"收益乃按扣除中國增值稅(「增值稅」)後的金額列賬,並包括以下各項:",1
nearest_title,收益之分析如下:,1
nearest_title,收益分析,1
nearest_title,收益分析载列如下:,1
nearest_title,收益分類,1
nearest_title,收益劃分:,1
nearest_title,"收益包括提供流動通訊及其他相關服務,以及電訊硬件及其他產品銷售之收益。收益分析如下:",1
nearest_title,"收益即公司及其附屬公司向對外客户的銷售額,包括:",1
nearest_title,收益及其他收入的分析如下:,1
nearest_title,收益及毛利,1
nearest_title,收益指來自物業管理服務、非業主增值服務及社區增值服務之收入。,1
nearest_title,"收益指典當貸款及按揭抵押貸款所賺取之利息收入以及出售經收回資產之業績。年內,按各業務性質確認之收益金額如下:",1
nearest_title,收益指向客户銷售椰漿/奶粉、低脂椰蓉、椰奶、椰奶飲料、椰汁及其他產品的銷售價值(扣除交易折扣、退款及退貨)。,1
nearest_title,收益指就於期內提供安裝、保養、保安護衛服務產生之收益及電動汽車充電收入。本集團截至二零二六年及二零二五年二月二十八日止六個月之各自收益分析如下:,1
nearest_title,收益指年內來自建築合約、銷售瓷磚以及銷售手機及配件所產生之收益。本集團於本年度之收益分析如下:,1
nearest_title,收益指年內已收及應收款項淨額之總額。本集團的年內收益分析如下:,1
nearest_title,收益指年內已收及應收款項淨額的總額。本集團年內收益分析如下:,1
nearest_title,收益指年內銷售貨品及提供服務所產生之收益。本集團年內收益分析如下:,1
nearest_title,收益指提供視像顯示解決方案服務、設備租賃收入、資訊科技諮詢服務(已終止經營業務)以及酒店預訂及會議規劃服務(已終止經營業務)的已收及應收款項的公平值。本集團的收益分析如下:,1
nearest_title,收益指於日常業務過程中就提供服務所收取款項及應收款項。本集團於兩個年度的收益分析如下:,1
nearest_title,"收益指本集團銷售刨花板所已收及應收的收益,有關銷售於中國進行。收益分析如下:",1
nearest_title,"收益指賺取的利息收入,來自不同的產品,概述如下:",1
nearest_title,"收益指銷售貨品及提供服務所產生之收益(已扣除折扣及銷售相關稅項,如適用)。期內本集團之收益分析如下:",1
nearest_title,收益按服務分析如下:,1
nearest_title,收益按確認收益時間分析如下:,1
nearest_title,收益明細,1
nearest_title,收益明細如下表列示:,1
nearest_title,"數碼通電訊集團有限公司(「本公司」)董事會欣然提呈本公司及其附屬公司(「本集團」)截至2025年12月31日止六個月之綜合損益表及綜合全面收益表,及於2025年12月31日之綜合資產負債表(全部均為未經審核之簡明報表),連同若干附註。",1
nearest_title,文遠知行,1
nearest_title,"於2024財政年度及2025財政年度,僱員福利開支(主要包括薪金及津貼)分別約為64.6百萬港元及78.5百萬港元,分別佔相應年度本集團的經營開支總額(包括僱員福利開支、折舊及攤銷、推廣成本、線上平台使用費、已售存貨成本及其他開支)約35.3%及36.8%。我們致力於研發及製作遊戲以及銷售衍生品,並成立採用AI技術的設計團隊,以提升我們的創造力。此外,本集團向關鍵員工提供獎勵股份,以激勵其持續營運及發展本集團。",1
nearest_title,於2025年12月31日及截至該日止年度的分部分析如下:,1
nearest_title,"於2025年及2024年,本集團按產品劃分的收益、銷量及平均售價分析如下:",1
nearest_title,"於2025年及2024年,與單一外界顧客進行的交易所產生的收入概無達到本集團總收入的 \(10\%\) 或以上。",1
nearest_title,"於二零二五財政年度,本集團主要自(i)銷售球形石墨及其副產品;(ii)銷售鱗片石墨精礦;及(iii)銷售未加工大理石產生收益。下表載列各業務分部於所示年度產生的收益:",1
nearest_title,"於先前年度,附有若干商標的鐘錶產品在中國內地、香港及台灣地區的獨家分銷權已根據本公司附屬公司與供應商就終止雙邊協議而達成的和解予以終止。本集團管理層認為鐘錶及配飾產品的銷售將會減少,繼而釐定其他無形資產項下的相關商譽減值及分銷權分別為70萬港元及160萬港元。於本年度,剩餘商譽及其他無形資產概無減值。",1
nearest_title,於各年度按主要產品線劃分的客户合約收益分類如下:,1
nearest_title,"於報告期內,來自持續經營業務的EMS業務收益來自兩類主要產品。下表概述報告期及截至2024年12月31日止年度分別來自各類產品的收益金額及佔總收益百分比:",1
nearest_title,"於報告期內,我們從藥物發現及管線開發、軟件解決方案及其他發現獲得收入。下表載列所示期間我們的收入明細(以絕對金額及佔總收入的百分比表示):",1
nearest_title,"於報告期內,我們按項目基準產生收入,其主要來自向客户提供主要由我們的融合通信及人工智能技術實現的企業級解決方案。根據特定用户的具體需求,某一解決方案涉及各類技術的程度可能有所不同。下表載列我們於所示年度按產品類別劃分的總收入明細:",1
nearest_title,"於報告期內,我們與中國超過340個城市的醫療保健機構合作,我們的銷售及營銷網絡使我們能夠向大部分中國人口提供基因檢測服務。此外,我們與多家電子商務及線上醫療保健平台合作,以擴大及完善銷售及營銷網絡。",1
nearest_title,"於報告期內,按疫苗產品及性質劃分之收入明細如下:",1
nearest_title,"於報告期內,收入總額為157.9百萬美元,較截至二零二四年十二月三十一日止年度的38.1百萬美元增長314.6%。分子許可費從29.8百萬美元增至141.4百萬美元,主要由於與全球製藥公司的戰略合作及新取得的創新產品對外授權。同時,研究服務及技術許可費由8.3百萬美元增長98.7%至16.6百萬美元。",1
nearest_title,於報告期內及2024年12月31日各業務分類的收益及毛利載列如下:,1
nearest_title,"於報告期間,各業務線收入實現均衡高質增長,我們的收入由2024年的人民幣15,746.1百萬元增長 \(45.4\%\) 至2025年的人民幣22,898.6百萬元。同城配送服務的收入從2024年的人民幣9,121.2百萬元增長 \(47.6\%\) 至2025年的人民幣13,466.9百萬元。最後一公里服務的收入從2024年的人民幣6,624.9百萬元,增長 \(42.4\%\) 至2025年的人民幣9,431.8百萬元。下表列載我們的收入明細:",1
nearest_title,於報告期間向本集團主要經營決策者就可呈報經營分部提供的分部數據如下:,1
nearest_title,"於審閱期內,本集團之收入及業績按可呈報及營運分部分析如下:",1
nearest_title,"於年內,本集團各業務分部的收益如下:",1
nearest_title,於年內在某個時間點確認的收入如下:,1
nearest_title,"於得出本集團之可申報分部時,概無將已識別之任何經營分部作合併處理。由於各服務類別之資源需求及市場推廣方式不同,該等各經營分部乃分開管理。",1
nearest_title,"於截至2025年12月31日止年度,本集團所有收益均來自中國大陸。",1
nearest_title,"於截至二零二五年十二月三十一日止年度,本集團錄得收益人民幣1,379,986,000元(二零二四年:人民幣1,295,563,000元),較截至二零二四年十二月三十一日止年度增加約 \(6.5\%\) 。截至二零二五年及二零二四年十二月三十一日止年度之收益組合載列於下表:",1
nearest_title,於截至二零二五年十二月三十一日止年度的分部明細:,1
nearest_title,"於截至二零二五年及二零二四年十一月三十日止年度,就可呈報分部向主要營運決策者提供之分部資料如下:",1
nearest_title,"於截至二零二五年及二零二四年十二月三十一日止年度,本集團主要在該等分部下銷售三類產品產生收益。下表載列按可呈報分部劃分之分部收益及分部溢利明細:",1
nearest_title,於截至二零二六年二月二十八日及二零二五年二月二十八日止六個月的收益如下:,1
nearest_title,"於本年度,收入指銷售商業產品、保健產品及其他產品產生的收入。本集團於本年度的收入分析如下:",1
nearest_title,"於本年度,本集團的收入來自(i)跨境物流服務;及(ii)船舶出租服務。本集團供應鏈解決方案服務(本集團在過往年度按有限基準進行)項下的進口貨物貿易收入(分類為「其他」)於2025年未有記錄,原因是這項業務活動已暫停。下表載列本集團於所示年度按業務條線劃分的收入明細:",1
nearest_title,"於本年度,銷售有色金屬精礦(包括來自本集團自有礦山及外部採購的精礦)所確認的總收入如下:",1
nearest_title,"於本年度及上年度內,均無來自單一外部客户交易之收益佔本集團總收入10%或以上。",1
nearest_title,於本年度及過往年度確認的收益、其他收入及收益/(虧損)淨額如下:,1
nearest_title,於本年度及過往年度確認的收益、其他收入及收益淨額如下:,1
nearest_title,有關可呈報分部損益的資料:,1
nearest_title,有關可呈報分部收益、損益、資產及負債之資料,1
nearest_title,有關可呈報分部收益、損益及資產之資料:,1
nearest_title,有關提供予本集團主要營運決策人以供其於截至二零二五年十二月三十一日止年度及截至二零二四年十二月三十一日止十七個月期間分配資源及評估分部表現之本集團可報告分部資料載列如下。,1
nearest_title,有關收益、其他收入及收益的分析如下:,1
nearest_title,有關收益的分析如下:,1
nearest_title,"有關本集團可呈報分類之資料,包括收入之對賬、除所得稅前溢利、總資產、總負債及其他分類資料,如下:",1
nearest_title,有關營運分部的分部資料如下:,1
nearest_title,有關該等來自持續經營之業務之分部資料呈列如下:,1
nearest_title,有關該等呈報分部之分部資料呈列如下:,1
nearest_title,服務的種類及收益確認的時間,1
nearest_title,服務種類,1
nearest_title,"期間的綜合營業額達人民幣 4,168,900,000 元,較二零二五年同期的人民幣 4,626,900,000 元減少 9.9%。按產品劃分的分部營業額分析如下:",1
nearest_title,未經審核簡明綜合經營報表,1
nearest_title,未經審計簡明合併營運報表,1
nearest_title,未經審計簡明綜合全面收益/(虧損)表,1
nearest_title,"本公司僅於一個行業內經營業務,即在中國大陸經營管理一個機場並提供相關服務。相關資源的分配取決於其是否有利於本公司整體而非任何特定業務單元價值的提升。董事會認為本公司應作為一個整體進行業績評估。因此,董事會認為按照國際財務報告準則第8號「經營分部」的要求,本公司只有一個經營分部。",1
nearest_title,本公司的淨收益包括下列各項:,1
nearest_title,本公司自其主要產品所得收益的分析如下:,1
nearest_title,本年內確認的各主要收入項目的金額如下:,1
nearest_title,本年客户合同產生的收入情況如下:,1
nearest_title,"本年度,本集團來自客户合約之收益分析如下:",1
nearest_title,"本年度內,我們的收益下降人民幣550.5百萬元或 \(20.9\%\) ,從上年度的人民幣2,628.0百萬元下降至人民幣2,077.5百萬元。我們的收益主要來自三個業務分部:墓園服務、殯儀服務及其他服務。下表載列本年度內我們按分部劃分的收益:",1
nearest_title,本年度內確認之收入如下:,1
nearest_title,本年度按主要產品或服務項目劃分之來自客户合約的收益分類如下:,1
nearest_title,本年度本集團之收益分析如下:,1
nearest_title,本期內確認之收入如下:,1
nearest_title,本期間之收入指自租賃及物業管理服務收入、自來水供應及相關服務收入以及金融服務收入確認的收入。來自客户合約及其他來源之收入按服務類型劃分之明細如下:—,1
nearest_title,"本集團主營業務包括租賃、物業發展及投資以及海上旅遊服務和酒店業務。截至二零二五年十二月三十一日止年度(「二零二五年度」),本集團全年營業額約為港幣5億7,900萬元,較截至二零二四年十二月三十一日止年度(「二零二四年度」)增加約5%。綜合毛利及利息收入淨額約為港幣2億3,954萬元,較上年上升約17%。股東應佔純利達港幣4,785萬元,同比增長約24%。下表載列所示期間分類營業額及溢利:",1
nearest_title,本集團主要從事塑膠原料及化工原料產品貿易、樓宇相關之承造服務、地基打樁工程及地基建築工程、為公營及私營機構提供樓宇建築工程、分銷及安裝航空系統及其他高科技產品及其他業務(包括持有及發展物業)。營運分類之報告方式與向主要管理人員提交內部報告之方式一致。,1
nearest_title,本集團主要從事家用及辦公電訊產品及嬰兒監護器的設計、開發及銷售。於年內按產品類型確認的收入分析如下:,1
nearest_title,"本集團主要從事投資控股、工業用物業發展、生產及買賣香精香料、煙草香精及輔料、消費品的一般貿易、保險經紀及資產管理業務。本集團於本期間的分部收入及業績,連同二零二四年同期之比較數字載於下表:",1
nearest_title,本集團主要從事服裝、皮具及配飾之分銷及生產、商標授權、和物業投資及發展業務。下列為年內已確認之營業額:,1
nearest_title,本集團主要從事港口業務、保稅物流業務及物業投資。以下為本集團於年內來自其主要服務之收入之分析。,1
nearest_title,本集團主要從事石油及天然氣銷售及石油及石油相關及其他產品貿易。,1
nearest_title,本集團主要從事證券投資、證券經紀及孖展融資、提供財務顧問服務、放款、其他與證券相關之金融服務及投資物業租賃。,1
nearest_title,本集團主要從事鋼鐵產品的製造及銷售、鋼鐵產品、鐵礦石及相關原材料的貿易、電力設備的銷售和房地產業務。截至2025年及2024年12月31日止年度已確認的銷售額如下:,1
nearest_title,"本集團主要從事開採、加工、運輸及銷售煤炭產品及黃金產品。收益指向客户銷售貨品的銷售額(不包括增值或營業稅),並經扣減任何貿易折讓及退貨。年內確認的各主要收益分類金額如下:",1
nearest_title,本集團主要從事開發及銷售電子支付終端產品、提供維護及安裝及支付解決方案服務。於年內已確認的收入、其他收入及其他收益淨額如下:,1
nearest_title,本集團主要業務分部包括公司銀行業務、個人銀行業務和資金業務。下表列出所示期間本集團各業務分部的概要經營業績。,1
nearest_title,本集團主要業務於綜合財務報表附註1披露。收益於一段時間內確認及按照工程設計、景觀建築及顧問服務的性質分類如下:,1
nearest_title,本集團主要業務於附註1披露。本集團來自主要業務之收入包括以下:,1
nearest_title,本集團主要業務為在中華人民共和國(「中國」)從事房地產開發、提供物業租賃及相關服務。營業收入詳情如下:,1
nearest_title,本集團主要業務為投資上市及非上市金融資產。本年度已確認之收益如下:,1
nearest_title,"本集團主要經營與石油相關的產品、服務與活動。本集團的經營分部包括:油氣和新能源分部、煉油化工和新材料分部、銷售分部、天然氣銷售分部和總部及其他分部。2025年度及2024年度,經營分部信息列示如下:",1
nearest_title,本集團主要經營連鎖式餅屋及眼鏡業務。於年內確認之收益如下:,1
nearest_title,"本集團主要開展以預拌商品混凝土為主,覆蓋水泥、砂石料、外加劑、預制構件等上下游產品的建築材料的研發、生產及銷售。本集團的營業收入分析如下:",1
nearest_title,"本集團之主要業務於本業績公告附註1披露。來自客户合約收益亦即本集團之營業額,指在特定時點確認於日常業務過程中銷售焦煤產品之銷售價值。收益確認如下:",1
nearest_title,本集團之來自持續經營業務之收益分析如下:,1
nearest_title,本集團之可呈報分部收益及分部業績分析如下:,1
nearest_title,"本集團之收入主要源於物業銷售,佔報告期之收入約91.4%。下表載列按所示經營分部劃分之本集團收入明細:",1
nearest_title,"本集團之收入主要源於物業銷售,佔報告期之收入約94.7%。下表載列按所示經營分部劃分之本集團收入明細:",1
nearest_title,"本集團之收入及業績主要來自香港,按可呈列分部劃分收入及業績之分析如下:",1
nearest_title,本集團之收入及業績分析如下:,1
nearest_title,本集團之收入及業績按營運分類分析如下:,1
nearest_title,本集團之收入指所提供服務之發票淨值。本集團之收入分析如下:,1
nearest_title,本集團之收入類別如下:,1
nearest_title,"本集團之收益包括銷售產品及提供加工服務產生的收益,下表載列我們於所示年度按來源劃分之收益:",1
nearest_title,本集團之收益及業績按可報告分部分析如下:,1
nearest_title,本集團之收益指客户合約收益。劃分資料如下:,1
nearest_title,本集團之收益源自以下產品及地區。,1
nearest_title,本集團之本年度收益及其他盈虧淨額分析如下:,1
nearest_title,本集團之須予呈報分部於本年度之除稅前業績之分析如下:,1
nearest_title,本集團來自主要產品及服務之收入分析如下:,1
nearest_title,本集團來自主要產品及服務之收益分析如下:,1
nearest_title,本集團來自外部客户之營業額按其營運所在地區及其非流動資產(不包括按攤銷成本計量之金融資產及遞延稅項資產)按資產所在地區等資料分類如下:,1
nearest_title,本集團來自持續經營業務之收益分析如下:,1
nearest_title,本集團各可報告經營分部於年內之收益及業績分析如下:,1
nearest_title,本集團在以下地區的某一時間點透過貨物轉讓獲得收入:,1
nearest_title,"本集團定義每年貢獻人民幣50,000元及以上的企業客户為KA客户,每年貢獻人民幣5,000元至人民幣50,000元間的企業客户為中型客户,而每年貢獻人民幣5,000元及以下的企業客户為小型客户。收入按照來源分類如下:",1
nearest_title,本集團年內收益分析如下:,1
nearest_title,本集團年內的收益分析如下:,1
nearest_title,本集團年度收入之分析如下:,1
nearest_title,本集團從與客户簽訂的合同獲得的收入分解呈列如下:,1
nearest_title,本集團截至2025年12月31日及2024年12月31日止年度的收入分析如下:,1
nearest_title,本集團截至2025年及2024年12月31日止年度按呈報及經營分部分類的收益及業績的比較載列如下:,1
nearest_title,本集團截至二零二五年及二零二四年三月三十一日止年度的收入分析如下:,1
nearest_title,本集團截至二零二五年及二零二四年十二月三十一日止年度按經營分部劃分的收入及業績分析如下:,1
nearest_title,本集團截至二零二五年及二零二四年十二月三十一日止年度的收入載列如下:,1
nearest_title,本集團截至二零二六年及二零二五年三月三十一日止年度的收入分析如下:,1
nearest_title,本集團持續經營業務按可呈報及營運分部劃分的收益及業績分析如下:,1
nearest_title,本集團按主要產品或服務類別劃分之來自客户合約之收益分拆如下:,1
nearest_title,本集團按分部營運及呈報的收入及業績分析如下:,1
nearest_title,本集團按分部產品劃分的銷售收益如下:,1
nearest_title,本集團按可呈報及營運分部劃分的收入及業績分析如下:,1
nearest_title,本集團按可呈報及經營分部之分部收入及業績的分析如下:,1
nearest_title,本集團按可呈報及經營分部劃分之收益及業績分析如下:,1
nearest_title,"本集團按可呈報及經營分類劃分的收益及業績分析如下,其於某一時點確認:",1
nearest_title,本集團按可報告分部呈列之營業額及業績分析如下:,1
nearest_title,本集團按可申報分部劃分之收益及業績分析如下:,1
nearest_title,本集團按投資物業之地理區域及產生租金收入之相關物業類別劃分之收入分析如下:,1
nearest_title,"本集團按照與客户簽訂的每份銷售合約所載的履約責任生產玩具產品。銷售合約中履約責任的原始預期期限為一年或以下。本集團已應用香港財務報告準則第15號中的可行權宜方法,因此並無披露有關截至報告期末尚未履行(或部份履行)的本集團剩餘履約責任的資料。本集團將取得合約的增量成本於產生時確認為開支,因本集團原應確認的資產攤銷期為一年或以下。",1
nearest_title,本集團按營運及可呈報分部劃分之收入及業績分析如下:,1
nearest_title,本集團按營運及可報告分部劃分的收入及業績分析如下。,1
nearest_title,本集團按產品分類的營業分析如下:,1
nearest_title,本集團按產品劃分的收益詳情如下:,1
nearest_title,本集團按經營及可呈報分部劃分之收益及業績分析如下。,1
nearest_title,本集團按經營及可報告分部劃分之收入及業績分析如下:,1
nearest_title,本集團按經營及可報告分部的收入及業績分析如下:,1
nearest_title,本集團按運營板塊劃分的收益明細如下:,1
nearest_title,"本集團擁有/租賃及經營酒店與相關物業,並提供酒店管理及相關服務。本集團亦擁有用於物業租賃之投資物業,並從事物業銷售業務。大部分聯營公司從事酒店擁有,物業租賃及物業銷售業務,而聯營公司之該等收入並不計入在本集團之綜合收入。年內於綜合財務報表中確認之收入如下:",1
nearest_title,"本集團擁有大量客户,於截至二零二五年及二零二四年十二月三十一日止年度,來自任何客户的收入在本集團收入的佔比均未達到 \(10\%\) 或以上。",1
nearest_title,本集團收入之分析如下:,1
nearest_title,本集團收入來自以下產品:(i) MCU;(ii) ASIC;(iii) HVIC;(iv) MOSFET;(v) IPM及(vi)其他。,1
nearest_title,"本集團收入來自銀錠銷售。於截至二零二五年十二月三十一日止年度,本集團錄得收入約人民幣3,063.3百萬元(二零二四年:人民幣4,156.1百萬元),較二零二四年減少約26.3%。減少乃主要由於全年白銀價格處於高位,各自銀應用領域需求減少,加上最終用户為應對成本壓力而加強優化消耗或尋求替代品,導致銀錠整體需求下降。",1
nearest_title,本集團收入包括下列年內確認的收入:,1
nearest_title,本集團收入指(i)連續劇/電影製作及電影版權投資;(ii)演唱會及活動籌辦及相關服務;(iii)移動應用程序的開發和運營及相關服務;及(iv)藝人經紀業務及相關服務產生之收入。於年內確認的主要收入類別的款額如下:,1
nearest_title,"本集團收入指已收及應收銷售光纜及光纖分配網絡設備及彩塗鋼板的金額,已扣除折扣、客户退貨及銷售相關稅項,收入於以下時間點確認:",1
nearest_title,本集團收入的分析如下:,1
nearest_title,"本集團收入自截至2024年12月31日止年度的人民幣6,920.1百萬元上升22.00%至截至2025年12月31日止年度的人民幣8,442.5百萬元,主要是由於通信電纜產品、新能源汽車電力傳輸產品和電子材料產品銷售收入不同程度的增長。",1
nearest_title,"本集團收益主要來自三大業務:(i)物業管理服務;(ii)非業主增值服務;及(iii)社區增值服務。於本年度,本集團收益約人民幣664.5百萬元,較2024年同期人民幣652.9百萬元增加約 \(1.8\%\) 。下表載列所示年度各業務線的收益貢獻:",1
nearest_title,本集團收益及業績按可報告及經營分部作出之分析如下:,1
nearest_title,本集團收益源自於時間點轉移以下主要產品及服務的商品:,1
nearest_title,本集團收益由2024年財年約289.2百萬令吉減少約29.2百萬令吉(或 \(10.1\%\) )至2025年財年約260.0百萬令吉。該減少主要由於一個大型工廠項目於2025年財年竣工。,1
nearest_title,本集團收益由截至2024年12月31日止年度約人民幣205.8百萬元增加 \(20.6\%\) 至截至2025年12月31日止年度約人民幣248.1百萬元。,1
nearest_title,本集團收益細分如下:,1
nearest_title,"本集團於2024財年錄得收入人民幣584.0百萬元(2023財年:人民幣430.2百萬元),較本集團於2023財年的收入增加約 \(35.8\%\) 。該增加主要是由於本集團IP創造及營運業務應佔收入由2023財年的人民幣190.4百萬元增至2024財年的人民幣314.3百萬元,增幅約為 \(65.1\%\) 。以下為本集團兩大業務分部應佔收入的明細:",1
nearest_title,"本集團於2025年錄得人民幣5,906.8百萬元的收益,對比2024年的人民幣5,072.0百萬元增加約 \(16.5\%\) ,主要由於電動自行車及電動兩輪車部件的收益增加。",1
nearest_title,本集團於一段時間或一個時間點按下列主要生產綫轉讓貨品及服務予外部顧客而產生的收益:,1
nearest_title,本集團於兩個年度按呈報分部劃分之收益及業績分析如下:,1
nearest_title,本集團於回顧期內的主要業務收益如下:,1
nearest_title,"本集團於報告年度錄得收益約11,016.8百萬港元,較上一報告年度約6,032.0百萬港元增加約 \(82.6\%\) 。收益增加乃主要由於以下各項的綜合影響:(i)由於光伏組件及高效N型電池銷量增長,新能源及EPC分部的收益增加至約8,530.3百萬港元(上一期間:約4,127.5百萬港元);及(ii)健康及醫療分部的收益增加至約1,772.8百萬港元(上一期間:約925.3百萬港元)。",1
nearest_title,"本集團於報告年度錄得收益約6,032.0百萬港元,較上一報告年度約4,028.3百萬港元增加約 \(49.8\%\) 。收益增加乃主要由於受報告年度N型電池及光伏組件銷量強勁增長所推動,新能源及EPC分部的收益淨增加,約為4,127.5百萬港元(上一報告年度:約2,119.6百萬港元)。",1
nearest_title,本集團於年內來自某一時點確認之來自客户合約營業額如下:,1
nearest_title,本集團於年內按可報告分部劃分之收入與業績呈列如下:,1
nearest_title,本集團於截至 2026 年 3 月 31 日止季度之營業額及業績按經營分部分析如下:,1
nearest_title,本集團於截至 2026 年 3 月 31 日止年度之營業額及業績按經營分部分析如下:,1
nearest_title,本集團於截至2025年及2024年12月31日止六個月的收益分析如下:,1
nearest_title,本集團於截至2025年及2024年12月31日止年度按經營及報告分部劃分的報告分部收入、業績、資產與負債分析如下:,1
nearest_title,本集團於所示年度按業務線劃分的收入如下:,1
nearest_title,本集團於期內的收益分析如下:,1
nearest_title,本集團於本年度及去年之收入分析如下:,1
nearest_title,本集團於本年度按經營分部之收益及業績分析如下:,1
nearest_title,本集團於本年度的呈報及經營分部分析如下。,1
nearest_title,本集團於本期間的未經審核收益及業績及其比較數據之分析如下:,1
nearest_title,本集團於某一時點自以下地理區域的貨物轉讓中獲得收益:,1
nearest_title,本集團於某時間段及某時間點以下列主要業務線從貨品及服務轉讓中獲得收入:,1
nearest_title,本集團於某時間點從以下客户分部的輸液器業務、血液淨化業務及再生醫用生物材料業務的貨物轉讓中產生收益:,1
nearest_title,本集團於特定時間點確認的收入分析如下:,1
nearest_title,本集團未經審計的簡明合併損益表、綜合收益表、財務狀況表及現金流量表列示如下:,1
nearest_title,本集團本年度的收益分析如下:,1
nearest_title,"本集團本年度的收益約為人民幣585.6百萬元(二零二三財年:人民幣540.5百萬元),按年增加約 \(8.3\%\) 。本集團收益增加乃由於中華人民共和國(「中國」)需求增加的推動。中國客户的需求維持強勁及較二零二三財年錄得大幅增加約\(16.1\%\) 。海外市場的收益錄得相比二零二三財年略減約 \(7.8\%\) ,主要由於巴基斯坦及印度的需求下降。阿拉伯聯合酋長國、印尼及其他海外市場的需求增加。下表載列按產品劃分的收益:",1
nearest_title,"本集團本年度的收益約為人民幣585.7百萬元(二零二四財年:人民幣585.6百萬元)。本集團的收益主要來自中國的需求。中國客户的需求維持強勁,佔本集團總收益的約71.5%。海外市場的收益錄得相比二零二四財年略增約3.1%,主要由於印度尼西亞及印度的需求增加。阿拉伯聯合酋長國及巴基斯坦市場的需求下降。下表載列按產品劃分的收益:",1
nearest_title,本集團本期間收入分析如下:,1
nearest_title,本集團根據國際財務報告準則第15號自客户合約的收益分析如下:,1
nearest_title,本集團業務主要位於香港、新加坡及中華人民共和國(「中國」)。下表提供本集團來自外部客户之收益按業務所在地理區域劃分之分析:,1
nearest_title,本集團業務板塊信息列示如下:,1
nearest_title,本集團營業收入主要由以下產品的銷售收入構成:,1
nearest_title,本集團營業額分析如下:,1
nearest_title,本集團的主要業務為衛星電視廣播及提供互聯網及户外媒體服務。按性質分類的本集團收入分析如下:,1
nearest_title,"本集團的主要活動為提供土木及結構工程諮詢服務。收益隨時間確認,並按服務性質劃分如下:",1
nearest_title,"本集團的主要經營決策者已被確定為其執行董事,彼等於作出有關整體分配本集團資源及評估表現的決定時審閱綜合業績。因此,本集團僅有一個可呈報分部。就內部申報而言,本集團並無區分市場或分部。本集團的長期資產絕大部分位於中國且本集團絕大部分的收益源自中國。因此,並無呈列地區分部。",1
nearest_title,"本集團的可呈報經營分部為提供不同產品及服務的策略性業務單位。該等業務單位乃分開管理,原因為各項業務單位需要不同的技術及營銷策略。",1
nearest_title,本集團的客户合約收益分析如下:,1
nearest_title,本集團的客户合約收益分類如下:,1
nearest_title,"本集團的所有收入均來自於從以下主要產品種類在某一個時間點的貨品交付,並確認所有其收入。",1
nearest_title,"本集團的推廣成本主要包括推廣活動、廣告、品牌管理及營銷活動所產生的成本。於2024財政年度及2025財政年度,本集團的推廣成本分別約為18.4百萬港元及27.7百萬港元。有關增加主要是由於推出多項大型實體活動,包括主題嘉年華、即時活動及國際節日,將B.Duck品牌的影響力及業務動力大幅提升。",1
nearest_title,本集團的收入主要包括會展及配套設施服務的收入、房地產開發的銷售收入。截至二零二五年及二零二四年十二月三十一日止年度收入如下:,1
nearest_title,本集團的收入來源於三個類別:(i)物業管理服務;(ii)社區增值服務;及(iii)開發商增值服務。,1
nearest_title,本集團的收入分拆如下:,1
nearest_title,本集團的收入分析如下:,1
nearest_title,本集團的收入及按可呈報分部劃分的業績分析如下:,1
nearest_title,本集團的收入如下:,1
nearest_title,本集團的收益、其他收入及收益分析如下:,1
nearest_title,本集團的收益主要來自(i)生產及銷售黃金珠寶及其他黃金產品;(ii)生產及銷售K金首飾、鑲鑽珠寶及其他產品;及(iii)提供服務。下表載列於所示期間按產品及服務劃分的收益明細:,1
nearest_title,本集團的收益主要來自:(i)向客户提供發電機組及發電系統的SI業務;及(ii)基於向承購商提供的實際電量(包含本集團為承購商支出的燃料成本)及可向承購商提供的合約容量的IBO業務。,1
nearest_title,"本集團的收益主要包括來自出售待售物業、租賃投資物業及綜合服務的收益。截至二零二五年十二月三十一日止年度,本集團的收益約為人民幣1,866.0百萬元(二零二四年:人民幣3,713.9百萬元),較去年減少約 \(49.8\%\) ,主要由於報告期內確認來自出售待售物業的收益減少所致。",1
nearest_title,本集團的收益來源於以下主要服務線在一段期間內及某一時間點的貨品及服務轉撥:,1
nearest_title,本集團的收益來自下列各項:,1
nearest_title,本集團的收益來自銷售黃金飾品及其他黃金製品、K金首飾、鑲鑽珠寶及其他產品以及提供其他服務。客户合約收益分類如下:,1
nearest_title,"本集團的收益指(1)銷售電腦硬件及軟件;(2)提供技術支援及維護服務;及(3)租金收入,具體如下:",1
nearest_title,本集團的收益指本年度安裝及銷售環保污染防治設備及電子產品的環保設備銷售;銷售材料的發票價值及所提供服務的價值。,1
nearest_title,本集團的收益源自本集團提供的多種產品及服務。詳情如下:,1
nearest_title,本集團的收益由2025年上半財年約121.3百萬令吉增加約61.4百萬令吉(或50.6%)至2026年上半財年約182.7百萬令吉。該收益增加乃主要由於2026年上半財年期間內完成一個快速通道工廠項目所致。,1
nearest_title,"本集團的收益由二零二四年度的人民幣33,416.9百萬元減少70.7%至二零二五年度的人民幣9,792.3百萬元,主要是由於交付建築面積減少。下表載列本集團於所示年度各組成部分的收益、佔總收益的百分比及相關變動。",1
nearest_title,本集團的業務分部資料如下:,1
nearest_title,本集團的營業額包括以下收入:,1
nearest_title,本集團自下列服務及轉讓貨品產生收入:,1
nearest_title,本集團自建築合約及機械租賃於一段時間獲得收益按以下主要服務類別及地區分類:,1
nearest_title,本集團透過向外部客户提供AI臨床開發平台及臨床服務產生收益。有關平台及服務包括交付SaaS及AI產品、定制產品、數字化服務及其他服務。截至2025年12月31日止年度收入如下:,1
nearest_title,本集團透過在以下品牌分部及地理區域內隨時間及於某一時間點轉讓商品及服務產生收入。有關本集團主要業務的進一步詳情於附註4披露。,1
nearest_title,根據經營及可報告分部之本集團營業額及業績分析如下:,1
nearest_title,根據香港財務報告準則第15號客户合約收益(「香港財務報告準則第15號」)於某個時間點確認的客户合約收益:,1
nearest_title,業務分部收入載列如下:,1
nearest_title,業務回顧,1
nearest_title,業務經營分部 (續),1
nearest_title,機器人教育服務,1
nearest_title,"此外,我們亦因向全球業務夥伴(包括KDP)授出分銷旗下創新候選藥的獨家分銷權而產生收益人民幣1.2百萬元(2023年:人民幣5.6百萬元)。於2024年12月31日,分配至本集團現有合約餘下履約責任的交易價格總額約為人民幣14.9百萬元。該金額指預期日後自客户與本集團訂立的分銷及供應合約確認的收益。我們將於合約期內確認預期日後收益。",1
nearest_title,此等經營分類之監控及策略決定按經調整分類經營業績作出。,1
nearest_title,每股普通股收益(虧損),1
nearest_title,"為了讓本公司的股東及潛在投資者了解本集團的業務經營及財務狀況,董事會謹此(連同上年度同期的比較數據)公佈本集團截至2024年12月31日止年度(「報告期」)未經審核的綜合全年業績。",1
nearest_title,為年內資源分配及分部表現評估而向本集團最高行政管理人員提供的本集團可報告分部資料載列如下。,1
nearest_title,營業收入,1
nearest_title,營業收入、營業成本的分解信息:,1
nearest_title,營業收入列示如下:,1
nearest_title,營業額分析,1
nearest_title,營業額分析-按產品劃分,1
nearest_title,營業額及未計利息及稅項前盈利分析表,1
nearest_title,營業額指出售/贖回經損益按公平值計算之投資之銷售所得款項總額。,1
nearest_title,營業額按產品劃分,1
nearest_title,產品或服務的類別,1
nearest_title,"由於應付稅項、應付關聯方款項、計息銀行借款、遞延稅項負債及其他未分配企業負債以集團為基準進行管理,故分部負債不包括此等負債。",1
nearest_title,"由於應付稅項、遞延稅項負債以及公司及其他未分配公司負債以集團為基準進行管理,故分部負債不包括該等負債。",1
nearest_title,"由於業務的新變化,我們對收入披露類別做了調整,按2024年分類口徑的收入明細如下表所示:",1
nearest_title,碼頭營運的收入按業務經營所在地區呈列。,1
nearest_title,符合香港財務報告準則第15號「與客户合約產生的收益」所述範圍之收益:,1
nearest_title,"管理層分開監督本集團各經營板塊的業績,以決定如何分配資源及評估表現。板塊表現根據報告板塊溢利/虧損評估,即經調整稅前溢利/虧損之計量。經調整稅前溢利/虧損之計量與本集團稅前溢利/虧損一致,惟有關計量並不包括總部及公司收入及費用。",1
nearest_title,"管理層獨立監察本集團各經營分部之業績,以就資源分配及表現評估作出決定。分部表現乃根據可報告分部溢利/虧損進行評估,而此乃計量經調整除稅前溢利/虧損的方法。經調整之除稅前溢利/虧損乃一貫以本集團除稅前溢利/虧損計量,當中並無計及未分配其他收入及收益/虧損以及企業開支。",1
nearest_title,簡明綜合損益及其他全面收益表,1
nearest_title,簡明綜合收益表(未經審核),1
nearest_title,簡明綜合經營表數據,1
nearest_title,經營分部,1
nearest_title,經營分部業績,1
nearest_title,經營分部的損益、資產及負債之計量方法與主要會計政策概要所述者相同。主要經營決策者根據扣除所得稅費用、折舊及攤銷、利息收入、財務費用、應佔合營公司和聯營公司利潤、資產減值準備和公司間接管理費用前的利潤(「EBITDA」)及EBITDA與損益之間的對賬評估經營分部的表現。公司間接管理費用及公司資產是指本集團總部所產生的一般管理費用及其持有的資產。,1
nearest_title,經營分部的會計政策與本集團的會計政策一致。各分部的分部間收入經參考向第三方客户正常收取的費用、服務性質或所產生的成本按約定費用收取。,1
nearest_title,"經營分部間的轉移定價,參照與第三方進行交易所採用的公允價格制定。",1
nearest_title,"經營分部間的轉移定價,參照與第三方銷售或提供勞務所採用的價格確定。",1
nearest_title,綜合全面收益表 99,1
nearest_title,綜合收益表,1
nearest_title,總營業額分析如下:,1
nearest_title,股息,1
nearest_title,"自我們的caFFR系統及caIMR系統商業化以來,我們絕大部分收益均來自其銷售。我們於截至2025年及2024年12月31日止年度通過我們的分銷商銷售絕大多數產品。我們與分銷商的合約除交付產品外,包括安裝我們的設備和培訓服務的部分。我們於交付後確認產品銷售收益及於完成安裝和培訓服務後確認相關服務收益。下表載列於所示年度我們按性質劃分的收益明細:",1
nearest_title,與客户之間合同產生的營業收入分解情況如下:,1
nearest_title,與客户合同收入的分解,1
nearest_title,與客户簽訂的合同收入的分類:,1
nearest_title,"若干銀行存款已作為本集團銀行借款、銀行票據及貸款促成服務的抵押資產。若干應收融資租賃款已作為借款及證券化交易的抵押資產。更多詳情,請參閱合併財務報表附註21及附註28。",1
nearest_title,蔚來集團,1
nearest_title,註:本集團的營業收入、成本列報項目與經營分部劃分一致。,1
nearest_title,財務回顧,1
nearest_title,資本開支,1
nearest_title,銷售以下類別貨物:,1
nearest_title,附註:截至二零二三年十二月三十一日止年度本集團來自所有分部收益已於一定時間點確認。,1
nearest_title,附註:截至二零二四年十二月三十一日止年度本集團來自所有分部收益已於一定時間點確認。,1
nearest_title,"隨着客户對醫療健康養老服務的一攬子綜合需求變化,報告期內,管理層基於公司整體業績進行經營決策與資源分配,並據此進行績效評估。基於管理需要,報告期內本公司所有業務一體化管理,合併為一個經營分部,不再按業務類型劃分。",1
nearest_title,"集團商舖業務組合的營業額上升 2.6% 至 1,727 百萬港元(2024 年:1,684 百萬港元)。",1
nearest_title,"集團寫字樓業務組合的營業額上升 0.1% 至 1,508 百萬港元(2024 年:1,507 百萬港元)。",1
nearest_title,集團本年度按營運分部劃分的EBITDA、除稅前溢利及收入(按確認收入時間劃分)的分析如下:,1
nearest_title,電子博彩設備業務:,1
nearest_title,香港財務報告準則第15號範圍內按主要服務項目劃分的客户合約收益分類如下:,1
section_title,收入,67
section_title,收益,48
section_title,4. 收益,34
section_title,分部收益及業績,27
section_title,3. 收入,20
section_title,財務回顧,20
section_title,(a) 收入,17
section_title,3. 收益及分部資料,16
section_title,分部收入及業績,16
section_title,3. 收益,15
section_title,4. 收入,15
section_title,(a) 收益,12
section_title,5. 收益,12
section_title,3. 收入及分部資料,11
section_title,3. 分部資料,10
section_title,4. 分部資料,10
section_title,4. 收益及分部資料,10
section_title,4. 收益、其他收入及收益,9
section_title,3. 經營分部資料,8
section_title,4 收益,8
section_title,二零二五年,8
section_title,5. 收入、其他收入及收益,7
section_title,4 收入,6
section_title,5. 收入,6
section_title,(a) 分部業績、資產及負債,5
section_title,(a) 分類收入資料,5
section_title,(b) 分部資料,5
section_title,(b) 分部資料(續),5
section_title,(i) 分部業績,5
section_title,(i) 收入分類,5
section_title,3 收入,5
section_title,3 收入及分部資料,5
section_title,4. 收入、其他收入及收益,5
section_title,4. 收入及分部資料,5
section_title,業務回顧,5
section_title,(a) 分拆收益資料,4
section_title,(a) 分部收入及業績,4
section_title,(a) 分部業績,4
section_title,(a) 業務分部,4
section_title,(a) 細分收入資料,4
section_title,3 收益及分部資料,4
section_title,4. 收益及分部呈報,4
section_title,4. 經營分部資料,4
section_title,4. 經營分部資料(續),4
section_title,5. 分部資料,4
section_title,5. 收益、其他收入及收益,4
section_title,68. 分部信息(續),4
section_title,摘要,4
section_title,(1) 主營業務分行業、分產品、分地區、分銷售模式情況,3
section_title,(a) 分拆收入資料,3
section_title,(a) 分部收益及業績,3
section_title,(a) 分類收益資料,3
section_title,(i) 分類收入資料,3
section_title,(i) 客户合約收益分拆,3
section_title,(i) 收入,3
section_title,(i) 收益分拆,3
section_title,(i) 收益分類,3
section_title,2. 分部資料,3
section_title,2. 收益,3
section_title,2. 經營分部資料,3
section_title,4. 營業額,3
section_title,5. 收益及分部資料,3
section_title,7. 收入,3
section_title,8. 收入,3
section_title,XPENG INC.,3
section_title,分部業績、資產及負債,3
section_title,分部營業額及業績,3
section_title,截至2025年12月31日止年度的分部業績如下:,3
section_title,收益分拆,3
section_title,收益分類,3
section_title,概覽,3
section_title,非公認會計準則財務指標,3
section_title,(1) 分部業績、資產及負債,2
section_title,(1) 業務分部,2
section_title,(1) 業務分部(續),2
section_title,(1) 營業收入和營業成本情況,2
section_title,(1) 經營分部(續),2
section_title,(2) 營業收入、營業成本按行業(或產品類型)劃分,2
section_title,(2) 營業收入、營業成本的分解信息,2
section_title,(2) 營業收入分解信息,2
section_title,(2) 營業收入和營業成本按業務類型分類,2
section_title,(a) 來自持續經營業務之收益,2
section_title,(a) 分列收益,2
section_title,(a) 客户合同收益分拆資料,2
section_title,(a) 客户合約收益分拆,2
section_title,(a) 按業務分部劃分,2
section_title,(a) 收入分拆資料,2
section_title,(a) 收入資料劃分,2
section_title,(a) 收益分拆,2
section_title,(a) 本年度按主要服務類別分類的客户合約收益如下:,2
section_title,(a) 經營分部,2
section_title,(b) 分部報告,2
section_title,(b) 分部收益,2
section_title,(b) 分類收益及業績,2
section_title,(i) 分拆來自客户合約的收入,2
section_title,(i) 分拆客户合約收入,2
section_title,(i) 分拆收入資料,2
section_title,(i) 分拆收益資料,2
section_title,(i) 分部業績、資產及負債,2
section_title,(i) 對收入進行劃分,2
section_title,(i) 收入劃分,2
section_title,(i) 細分收益資料,2
section_title,1. 收入,2
section_title,1. 收益概覽,2
section_title,2 分部資料,2
section_title,2 收益,2
section_title,2. 收入及分部資料,2
section_title,2. 收益及分部資料,2
section_title,2. 營業額,2
section_title,2. 黃金回收-於中國購買舊黃金、精煉及銷售金錠,2
section_title,3 分部資料,2
section_title,3 收益、其他收入以及其他收益及分部資料,2
section_title,3. 分部報告,2
section_title,3. 收益及分類資料,2
section_title,3. 收益及經營分部資料,2
section_title,3.1 經分拆收益資料,2
section_title,4 分部資料,2
section_title,4. 分部信息,2
section_title,4. 收入及其他收入,2
section_title,4. 收入及分部報告,2
section_title,4. 收益及其他收入,2
section_title,4. 收益及分類資料,2
section_title,5 收入,2
section_title,5 收入及分部資料,2
section_title,5. 收入以及其他收入及收益(續),2
section_title,5. 收入及其他收入,2
section_title,5. 營業收入,2
section_title,6. 收入、其他收入及收益,2
section_title,7. 收益,2
section_title,來自主要產品及服務之收益,2
section_title,來自客户合約之收入細分,2
section_title,分部經營業績,2
section_title,分類收入及業績,2
section_title,匯率,2
section_title,地區資料,2
section_title,地區資料:,2
section_title,地域資料,2
section_title,客户合約收益,2
section_title,截至2025年12月31日止年度的分部資料如下:,2
section_title,截至2025年及2024年12月31日止年度的收益如下:,2
section_title,截至二零二四年十二月三十一日止年度之全年業績概要(連同二零二三年之相應數字)呈列如下:,2
section_title,毛利及毛利率,2
section_title,營業額,2
section_title,營運分部(續),2
section_title,營運摘要,2
section_title,產品分類銷售,2
section_title,管理層討論及分析,2
section_title,管理層討論及分析(續),2
section_title,股息,2
section_title,蔚來集團,2
section_title,補充資料,2
section_title,財務業績,2
section_title,財務業績回顧,2
section_title,"進一步資訊,請聯繫:",2
section_title,電子商務及其他業務,2
section_title,(1) Main business by products and regions,1
section_title,(1) 主營業務-按產品分類,1
section_title,(1) 主營業務分產品、分地區情況,1
section_title,(1) 各主要業務之收入如下:,1
section_title,(1) 報告分部的財務信息,1
section_title,(1) 履約義務相關的信息,1
section_title,(1) 經營分部,1
section_title,(1). 主營業務分行業、分產品、分地區、分銷售模式情況,1
section_title,(2) 主營業務(分產品),1
section_title,(2) 主營業務(分行業),1
section_title,(2) 其他信息,1
section_title,(2) 報告分部的財務信息,1
section_title,(2) 營業收入、營業成本按產品所屬領域劃分,1
section_title,(2) 營業收入和營業成本的分解,1
section_title,(2) 與客户之間的合同產生的收入按商品或服務類型分解,1
section_title,(3) 分部資料 (續),1
section_title,(3) 收入及分部報告(續),1
section_title,(3a) 收入及分部資料,1
section_title,(4) 營業收入、營業成本按商品轉讓時間劃分,1
section_title,(5) 分部分析,1
section_title,(a) 2025年度及2025年12月31日分部信息列示如下:,1
section_title,(a) 主要產品類型,1
section_title,(a) 來自客户合約收益明細,1
section_title,(a) 來自客户合約的收入分拆,1
section_title,(a) 來自客户合約的收益細分,1
section_title,(a) 分列收入資料,1
section_title,(a) 分列收益資料,1
section_title,(a) 分拆來自客户合約之收益,1
section_title,(a) 分拆收入,1
section_title,(a) 分拆收益,1
section_title,(a) 分拆收益(續),1
section_title,(a) 分部收入、業績、資產與負債,1
section_title,(a) 分部收入及業績之分析,1
section_title,(a) 分部收益,1
section_title,(a) 分部收益及分部業績(續),1
section_title,(a) 分部收益資料,1
section_title,(a) 分部業績(續),1
section_title,(a) 分部業績、資產及負債(續),1
section_title,(a) 分部業績以及資產及負債,1
section_title,(a) 分部資料,1
section_title,(a) 分類收入及業績,1
section_title,(a) 分類收入及業績(續),1
section_title,(a) 分類收益的資料,1
section_title,(a) 可呈報分部,1
section_title,(a) 可呈報分部損益、資產及負債的資料概述如下:,1
section_title,(a) 可呈報分部收益及業績,1
section_title,(a) 可報告分部,1
section_title,(a) 可申報營運分部,1
section_title,(a) 可申報營運分部(續),1
section_title,(a) 向執行董事提供的有關可呈報分部於截至2025年12月31日止年度的分部資料如下:,1
section_title,(a) 報告期内的收入,1
section_title,(a) 客户合約收入之明細,1
section_title,(a) 客户合約收入分析如下:,1
section_title,(a) 客户合約收入分類,1
section_title,(a) 客户合約收益分拆(續),1
section_title,"(a) 截至二零二五年及二零二四年十二月三十一日止年度,本集團來自其主要產品之收入載列如下:",1
section_title,"(a) 截至二零二四年及二零二三年十二月三十一日止年度,本集團來自其主要產品之收入載列如下:",1
section_title,(a) 按業務線及性質劃分的收入,1
section_title,(a) 按產品劃分的收益,1
section_title,(a) 按產品類型劃分的收入,1
section_title,(a) 提供予主要經營決策者的分部資料如下:,1
section_title,(a) 收入:,1
section_title,(a) 收入分析,1
section_title,(a) 收入劃分,1
section_title,(a) 收入明細信息,1
section_title,(a) 收入的分拆,1
section_title,(a) 收入資料分類,1
section_title,(a) 收入資料明細,1
section_title,(a) 收入資料細分,1
section_title,(a) 收益分類,1
section_title,(a) 收益分類(續),1
section_title,(a) 收益的分類資料,1
section_title,(a) 收益的細分資料,1
section_title,(a) 收益資料劃分,1
section_title,(a) 收益資料明細,1
section_title,(a) 收益資料細分,1
section_title,(a) 有關可報告分部的資料(續),1
section_title,(a) 有關產品之資料,1
section_title,(a) 有關須報告分部收入、除所得稅前溢利或虧損之資料及其他資料,1
section_title,(a) 本集團按經營分類劃分之收益及業績分析,1
section_title,(a) 本集團經營分部,1
section_title,(a) 營運分部,1
section_title,(a) 營運分部 (續),1
section_title,(a) 經分拆之與客户之合約收入,1
section_title,(a) 經營分部(續),1
section_title,(a) 經營分類,1
section_title,(a) 自客户合約所獲收益,1
section_title,(a) 與客户簽訂合同的收益分類,1
section_title,(a) 銷售額,1
section_title,(a) 香港財務報告準則第15號範圍內來自客户合約的收入確認如下:,1
section_title,(b) 分部分析,1
section_title,(b) 分部收入及業績,1
section_title,(b) 分部收益及毛利,1
section_title,(b) 分類資料,1
section_title,(b) 客户合同收入,1
section_title,(b) 客户合約收益之分類,1
section_title,(b) 按地理劃分之資料,1
section_title,(b) 損益賬、資產及負債的資料,1
section_title,(b) 收入,1
section_title,(b) 收入(續),1
section_title,(b) 收入分拆,1
section_title,(b) 於報告期的收入,1
section_title,(b) 有關呈報分部收益、溢利或虧損、資產及負債之資料,1
section_title,(c) 企業費用及其他分部-本集團之企業管理服務及其他,1
section_title,(c) 來自客户合約之收益之分解,1
section_title,(c) 分部業績、資產及負債,1
section_title,(c) 客户合約收益分拆:,1
section_title,(c) 提供創新研究機構(「IRO」)及專業受託研究機構(「CRO」)服務和內部研發業務(「IRO及CRO和內部研發業務」),1
section_title,(c) 收入,1
section_title,(c) 酒店營運:酒店營運,1
section_title,(d) 主要產品之營業額,1
section_title,(d) 收入分拆,1
section_title,(d) 新興產業裝備分部,1
section_title,(e) 其他業務,1
section_title,(e) 分部資料,1
section_title,(i) 來自客户合約之收益的分解,1
section_title,(i) 來自客户合約的收益分析,1
section_title,(i) 來自客户合約的營業收入分類,1
section_title,(i) 來自持續經營業務的收入,1
section_title,(i) 分拆收益,1
section_title,(i) 分部收益及業績,1
section_title,(i) 分部業績及其他重大項目,1
section_title,(i) 分部營業收入及業績,1
section_title,(i) 客户合約劃分收益,1
section_title,(i) 客户合約收入分類,1
section_title,(i) 客户合約收入劃分,1
section_title,(i) 客户合約收入明細,1
section_title,(i) 客户合約收入細分,1
section_title,(i) 客户合約收益分類,1
section_title,(i) 按產品類別劃分的收入,1
section_title,(i) 收入之細分,1
section_title,(i) 收入分拆,1
section_title,(i) 收入分拆資料,1
section_title,(i) 收入明細,1
section_title,(i) 收入明細如下:,1
section_title,(i) 收入載列如下:,1
section_title,(i) 收益分拆資料,1
section_title,(i) 收益明細,1
section_title,(i) 收益的分列,1
section_title,(i) 本集團來自客户合約的收入分類,1
section_title,(i) 本集團按主要產品線及業務分類自轉讓貨品及服務產生的收益,1
section_title,(i) 經分拆收入資料,1
section_title,(ii) 有關合約負債的確認收益,1
section_title,(iv) 媒體及娛樂業務,1
section_title,(viii) 分部信息,1
section_title,(一) 人員組成,1
section_title,(一)分部報告(續),1
section_title,(二)產品銷售分析,1
section_title,1 收入,1
section_title,1 收益主要來自銷售乾葡萄酒,1
section_title,1) 分部收入及業績,1
section_title,1. 主營業務營業額,1
section_title,1. 分部報告(續),1
section_title,1. 收益,1
section_title,1. 收益淨額分析,1
section_title,1. 營業收入、營業成本及毛利率分析,1
section_title,1. 經營業績,1
section_title,1. 財務及業務回顧,1
section_title,1.3 收入、資本支出及實現價格,1
section_title,10. 應收賬款,1
section_title,11. 應付賬款,1
section_title,11. 營業額,1
section_title,13. 分部報告(續),1
section_title,2 收入,1
section_title,2 收入及分部資料,1
section_title,2 營業收入,1
section_title,2) 報告分部,1
section_title,2) 收益及分部資料 (續),1
section_title,2. 分部信息(續),1
section_title,2. 分部資料(續),1
section_title,2. 分類資料(續),1
section_title,2. 收入,1
section_title,2. 收入、其他收益及利得,1
section_title,2. 收入和成本分析,1
section_title,2. 收益及分部報告,1
section_title,2. 業務回顧,1
section_title,2. 營業收入、營業成本的分解信息,1
section_title,2. 營業額及分部資料,1
section_title,2. 營運分部,1
section_title,2. 營運分部資料,1
section_title,2. 營運分類資料,1
section_title,2. 經營分部資料(續),1
section_title,2. 貨物及服務收入,1
section_title,2.2.1 收入按業務分部分析本集團,1
section_title,20. 收入,1
section_title,2025 財年分部業績,1
section_title,2026年1—3月,1
section_title,28. 分部報告,1
section_title,2、报告分部的财务信息,1
section_title,2、营业收入、营业成本按板块,1
section_title,3 分部分析(續),1
section_title,3 分部資料及收益,1
section_title,3 收入、其他收入及其他收益淨額,1
section_title,3 收入及分類資料,1
section_title,3 收益、其他收入及分部資料,1
section_title,3 經營分部資料,1
section_title,3. 來自客户合約收益及分部資料,1
section_title,3. 分部資料(續),1
section_title,3. 分部資料及收益,1
section_title,3. 報告分部的財務信息,1
section_title,"3. 收入、其他收益及其他虧損,淨額",1
section_title,3. 收入及其他收入,1
section_title,3. 收入及分部報告(續),1
section_title,3. 收入及分部資料(續),1
section_title,3. 收入及營運分部資料,1
section_title,3. 收益、其他收入及分部資料,1
section_title,3. 收益、其他收入及收益(虧損)淨額及分部資料,1
section_title,3. 收益、其他收入及收益以及分類資料,1
section_title,3. 收益、其他收入及收益淨額及分部資料,1
section_title,3. 服務收入,1
section_title,3. 營收及經營分部,1
section_title,3. 營業收入及分部資料,1
section_title,3. 營業額,1
section_title,3. 營業額、其他收入及收益淨額,1
section_title,3. 營業額及分部資料,1
section_title,3. 營業額及分部資料(續),1
section_title,3. 營運分部資料,1
section_title,3. 營運分類資料(續),1
section_title,3. 經營分部資料(續),1
section_title,3. 經營分類資料(續),1
section_title,3. 銷售收入、其他收入及收益(續),1
section_title,3.1 分部描述與主要活動,1
section_title,3.1 本集團之收益及按分部及地理位置劃分收益分析如下:,1
section_title,3.5 業務經營分部報告,1
section_title,39 經營分部 (續),1
section_title,3A. 來自客户合約收益的分拆:,1
section_title,3、營業收入、營業成本的分解資訊,1
section_title,3月份季度分部業績,1
section_title,4 收入和經營分部資料,1
section_title,4 收益以及其他收入及收益淨額,1
section_title,4 收益及其他盈虧淨額,1
section_title,4 營業收入,1
section_title,4 經營分部資料(續),1
section_title,4. 分部資料(續),1
section_title,4. 分類資料,1
section_title,4. 分類資料(續),1
section_title,"4. 收入、其他收入及收益/(虧損),淨額",1
section_title,4. 收入、其他收入及收益淨額,1
section_title,4. 收入、其他收入及收益淨額(續),1
section_title,4. 收入及其他收入及其他收益淨額,1
section_title,4. 收入及經營分部,1
section_title,"4. 收益、其他收入及收益,淨額",1
section_title,4. 收益、其他收入及收益淨額,1
section_title,4. 收益、其他收入及盈利,1
section_title,4. 收益、其他經營收益及分部資料,1
section_title,"4. 收益、投資及其他收入以及其他收益及虧損,淨額",1
section_title,4. 收益及分部資料(續),1
section_title,4. 收益及分類資料-續,1
section_title,4. 淨收益,1
section_title,4. 營業收入、營業成本,1
section_title,4. 營業額、收益及其他收入,1
section_title,4. 經營分部 (續),1
section_title,4. 經營分類資料(續),1
section_title,4. 經營收入,1
section_title,4. 經營板塊資料,1
section_title,4.1 拆分來自與客户合約的收入,1
section_title,4.1 收益分類資料,1
section_title,4.1. 本集團的收入分析如下:,1
section_title,4.1.2收益,1
section_title,4.2 營業收入,1
section_title,42 分部分析(續),1
section_title,42 營業收入及營業成本,1
section_title,44. 分部報告(續),1
section_title,45. 分部報告(續),1
section_title,47. 營業收入、成本,1
section_title,47、營業收入和營業成本(續),1
section_title,5 客户合約收益,1
section_title,"5 收入、其他收益及其他盈利或虧損,淨額",1
section_title,"5 收入及其他收入,淨額",1
section_title,5 收益及分部資料,1
section_title,5. 分部報告(續),1
section_title,5. 分部資料(續),1
section_title,5. 分部資料及收益,1
section_title,5. 分類資料,1
section_title,5. 收入、其他收入及其他(開支)/利得淨額,1
section_title,5. 收入以及銷售及服務成本,1
section_title,5. 收入及分部資料,1
section_title,5. 淨收益,1
section_title,5. 經營分部資料,1
section_title,5. 經營分部資料(續),1
section_title,5.2 資本承擔及合資格飛機租賃活動,1
section_title,5.3 業務綜述,1
section_title,56. 分部報告(續),1
section_title,6 收入,1
section_title,6 收入及分部報告(續),1
section_title,6 收益及分部資料,1
section_title,6 收益及分部資料(續),1
section_title,6. 分部資料,1
section_title,6. 分部資料(續),1
section_title,6. 分類資料,1
section_title,6. 收入,1
section_title,6. 收入、其他收入及收益淨額,1
section_title,6. 收益,1
section_title,6.2.2 收入和成本分析,1
section_title,7. 收入(續),1
section_title,7. 營業收入,1
section_title,7.5 分部經營業績,1
section_title,70. 分部報告(續),1
section_title,9. 分部資料,1
section_title,A. 營業額,1
section_title,A10. 營業額及分部資料,1
section_title,AUTOHOME INC.,1
section_title,"An analysis of revenue and other gains or losses, net is as follows:",1
section_title,An analysis of the Group's revenue for the year is as follows:,1
section_title,B. 客户合約產生的收入與分部資料所披露金額之間的對賬載列如下,1
section_title,Brandi Piacente,1
section_title,Disaggregation of operating revenue is as follows:,1
section_title,Disaggregation of revenue from contracts with customers by major products is as follows:,1
section_title,Disaggregation of revenue from contracts with customers by major service lines is as follows:,1
section_title,Disaggregation of revenue from contracts with customers by service line for the year is as follows:,1
section_title,Disaggregation of revenue from contracts with customers:,1
section_title,FastAGI企業級人工智能解決方案,1
section_title,Legacy-DH-2025年第四季度及全年經營業績摘要,1
section_title,REVENUE,1
section_title,Revenue,1
section_title,a. 業務分類—續,1
section_title,b) 按分類的營業收益資料,1
section_title,b. 其他業務,1
section_title,b. 收入分項,1
section_title,c. 内部分部收入之分析,1
section_title,ii) 按產品分類銷售額,1
section_title,一、業績概覽,1
section_title,中期業績(未經審核),1
section_title,主營業務收入,1
section_title,主要客户資料,1
section_title,主要業務,1
section_title,主要產品之收入,1
section_title,主要產品所得收益,1
section_title,二〇二四年,1
section_title,二零二四年,1
section_title,"五 合併財務報表主要項目附註(續)
45 分部報告(續)",1
section_title,來自主要產品及服務的收入,1
section_title,來自客户合約收入,1
section_title,來自客户合約的收益細分,1
section_title,供應液化天然氣及提供氣體輸送服務,1
section_title,僱員福利開支,1
section_title,内容,1
section_title,分拆收入,1
section_title,分拆收益,1
section_title,分部報告,1
section_title,分部收入、業績、資產及負債,1
section_title,分部收益及經營業績,1
section_title,分部收益及財務表現,1
section_title,分部業績,1
section_title,分部簡明收益表,1
section_title,分部負債,1
section_title,分部資料,1
section_title,分部财务信息,1
section_title,分部銷售收入及業績,1
section_title,分類收入及分類業績,1
section_title,分類收益及業績,1
section_title,分類收益資料,1
section_title,分類資料,1
section_title,初步年度業績公告,1
section_title,前沿技術業務,1
section_title,及委任副總裁,1
section_title,可報告分類資料,1
section_title,合併損益表,1
section_title,商舖,1
section_title,商譽及其他無形資產,1
section_title,報告分部的利潤或虧損、資產及負債,1
section_title,天鴿互動控股有限公司,1
section_title,媒體:,1
section_title,安全港聲明,1
section_title,客户合同收入,1
section_title,客户合同收入分類,1
section_title,客户合約收入的劃分:,1
section_title,客户合約收益明細(續),1
section_title,客户合約收益的分類,1
section_title,富睿瑪澤會計師事務所有限公司,1
section_title,審閱財務報表,1
section_title,寫字樓,1
section_title,就客户合約的收入分拆,1
section_title,展望2026年,1
section_title,市場回顧及展望,1
section_title,年度業績,1
section_title,建設合約及工程服務收入,1
section_title,"強化產品力驅動業務多元協同,構建服務閉環滿足個性化需求",1
section_title,或有負債,1
section_title,截至12月31日止年度,1
section_title,截至2023年及2024年12月31日止年度不同收入來源的收入明細如下:,1
section_title,截至2024年12月31日及2023年12月31日止十二個月按產品類型劃分的收入明細載列如下:,1
section_title,截至2024年12月31日止年度未經審核的全年業績,1
section_title,截至2024年12月31日止年度的分部業績載列如下:,1
section_title,"截至2024年及2023年12月31日止年度,本集團按類別劃分的收入分析如下:",1
section_title,截至2024年及2023年12月31日止年度的收入地區分佈如下:,1
section_title,截至2024年及2025年12月31日止年度不同收入來源的收入明細如下:,1
section_title,截至2024年及2025年12月31日止年度的收入如下:,1
section_title,截至2025年12月31日止年度,1
section_title,"截至2025年12月31日止年度,分部業績如下:",1
section_title,截至2025年12月31日止年度之分部資料呈列如下:,1
section_title,截至2025年12月31日止年度業績公告,1
section_title,截至2025年12月31日止年度業績摘要,1
section_title,截至2025年12月31日止年度的損益分部信息呈報如下:,1
section_title,截至2025年12月31日止年度的業務分部資料如下:,1
section_title,"截至2025年及2024年12月31日止年度,就可呈報分部向本集團最高行政管理人員提供的分部資料如下:",1
section_title,"截至2025年及2024年12月31日止年度,就資源分配及評估分部表現而言,向本集團高級執行管理人員提供有關本集團可呈報分部的資料載列如下:",1
section_title,"截至2025年及2024年12月31日止年度,提供予首席經營決策人之呈報分部的分部資料如下:",1
section_title,"截至2025年及2024年12月31日止年度,本集團按類別劃分的收入分析如下:",1
section_title,截至2025年及2024年12月31日止年度之分部業績呈列如下:,1
section_title,截至2025年及2024年12月31日止年度向我們的主要經營決策者提供的報告分部的分部資料如下:,1
section_title,截至2025年及2024年12月31日止年度按各重大類別劃分之於損益確認的客户合約收益分類如下:,1
section_title,截至2025年及2024年12月31日止年度本集團按類別劃分的收入分析如下:,1
section_title,截至2025年及2024年12月31日止年度的收入地區分佈如下:,1
section_title,截至2025年及2024年12月31日止年度的收入如下:,1
section_title,截至2025年及2024年12月31日止年度的收入明細如下:,1
section_title,截至二〇二四年及二〇二三年十二月三十一日止年度本集團的營業收入按類別分析如下:,1
section_title,截至二零二五十二月三十一日止年度的分部業績如下:,1
section_title,截至二零二五年十二月三十一日止六個月之分部收益及業績呈列如下:,1
section_title,截至二零二五年十二月三十一日止六個月提供給首席經營決策者之可呈列報告分部資料如下:,1
section_title,截至二零二五年十二月三十一日止年度,1
section_title,截至二零二五年十二月三十一日止年度之分部業績如下:,1
section_title,截至二零二五年十二月三十一日止年度之分部資料如下:,1
section_title,截至二零二五年十二月三十一日止年度及於該日之分類資料如下:,1
section_title,截至二零二五年十二月三十一日止年度的分部業績如下:,1
section_title,截至二零二五年十二月三十一日止年度的末期業績,1
section_title,截至二零二五年及二零二四年十二月三十一日止六個月按類別劃分的收益分析如下:,1
section_title,"截至二零二五年及二零二四年十二月三十一日止年度,向本集團主要經營決策者提供的可報告分部的分部資料如下:",1
section_title,"截至二零二五年及二零二四年十二月三十一日止年度,就資源分配及分部表現評估而向本集團首席營運決策人提供之本集團可呈報分部資料載列如下:",1
section_title,"截至二零二五年及二零二四年十二月三十一日止年度,按業務分部及本集團整體之綜合收益如下:",1
section_title,"截至二零二五年及二零二四年十二月三十一日止年度,提供予本集團最高級行政管理人員作資源分配和評估分部表現的本集團可呈報分部資料載列如下:",1
section_title,"截至二零二五年及二零二四年十二月三十一日止年度,提供予管理層有關可報告分部之分部資料如下:",1
section_title,截至二零二五年及二零二四年十二月三十一日止年度按服務類型劃分的收入如下:,1
section_title,"截至二零二四年及二零二三年十二月三十一日止年度,執行董事獲提供的分部資料如下:",1
section_title,"截至二零二四年及二零二三年十二月三十一日止年度,提供予本集團最高級行政管理人員作資源分配和評估分部表現的本集團可呈報分部資料載列如下:",1
section_title,戰略性進展及展望,1
section_title,戰略聚焦顯成效:結構優化持續改善財務質量,1
section_title,所有其他,1
section_title,持續經營業務,1
section_title,按分部劃分的收入,1
section_title,按分部劃分的收益,1
section_title,按品牌劃分的銷售淨額,1
section_title,按業務分部劃分的收入,1
section_title,按業務分部劃分的收益明細,1
section_title,按產品線劃分的收入,1
section_title,按產品類別劃分的收入,1
section_title,按產品類別劃分的收益,1
section_title,按產品類型劃分的收益,1
section_title,按經營分類的資料,1
section_title,按非國際財務報告準則計算的經調整EBITDA,1
section_title,採用經修訂國際財務報告會計準則,1
section_title,推廣成本,1
section_title,收入分產品、分地區分析,1
section_title,收入分解,1
section_title,收入分解資料,1
section_title,收入概覽,1
section_title,收益分列,1
section_title,整家公司的資料,1
section_title,文遠知行,1
section_title,新增股權投資,1
section_title,會計政策,1
section_title,有關主要客户之資料,1
section_title,有關主要客户的資料:,1
section_title,"有關投資者及傳媒查詢,請聯繫:",1
section_title,"有關更多資料,請聯繫:",1
section_title,有關華住集團有限公司,1
section_title,未來展望,1
section_title,未經審計簡明合併利潤表,1
section_title,本年度業績,1
section_title,核數師就審核綜合財務報表須承擔的責任(續),1
section_title,根據分部劃分的收入,1
section_title,業務,1
section_title,業務信息,1
section_title,業務分析,1
section_title,業務分部回顧,1
section_title,業務前景,1
section_title,業務及財務回顧,1
section_title,業務回顧及前景,1
section_title,業績,1
section_title,業績公告,1
section_title,業績分析,1
section_title,概况,1
section_title,概述,1
section_title,毛利,1
section_title,潘浩文,1
section_title,營業收入,1
section_title,營運分部,1
section_title,目錄,1
section_title,經營分部,1
section_title,經營分部業績,1
section_title,經營分部資料,1
section_title,經營收入,1
section_title,經營業績,1
section_title,經營業績概況,1
section_title,總收入,1
section_title,羅兵咸永道會計師事務所,1
section_title,聯絡方式,1
section_title,自動駕駛平台解鎖商業新機遇,1
section_title,與客户簽訂合約的收益分解,1
section_title,董事會報告,1
section_title,財務摘要,1
section_title,財務概要,1
section_title,資本開支,1
section_title,部分被以下項目抵銷,1
section_title,金融服務類,1
section_title,銷售,1
section_title,銷售分析,1
section_title,銷售及毛利,1
section_title,零售產品,1
section_title,非公認會計準則財務指標的對賬,1
section_title,非香港財務報告準則計量,1
section_title,首席執行官致辭,1
section_title,香港財務報告準則第19號非公共受託責任之附屬公司:披露,1
