infocode	gt_value_count	missing_value_count	missing_values
AN202411071640755422	20	20	[6746, -14, 4487, 1730, -3733, -1003, 33, 22898, 1928, 33072, 19758, -467, 12999, 2832, -12814, 175, 33, 51332, 5585, 79433]
AN202501141641925005	6	3	[979, 103, 4311]
AN202502181643209210	3	1	[35]
AN202502201643297822	20	14	[-14, -3733, -1003, 22898, 33072, 19758, -467, 12999, 2832, -12814, 175, 51332, 5585, 79433]
AN202502211643369388	3	3	[142900, 4913, 147813]
AN202502251643491471	4	4	[9550, 3, 4615, 14168]
AN202502261643524112	6	4	[33687, 21717, 33687, 21717]
AN202502261643530572	8	4	[112622, 24163, 11933, 148718]
AN202502261643533155	8	4	[67842, 12165, 87783, 167790]
AN202502271643556315	6	5	[9120, 3523, 2562, 2122, 19]
AN202502271643556340	6	4	[159438342, 63490667, 159438342, 63490667]
AN202502271643568356	4	1	[180]
AN202502281643591073	6	3	[248, 63, 84]
AN202502281643607993	6	2	[546, 814]
AN202502281643609925	4	2	[196, 54654]
AN202502281643617359	4	3	[51, 167, 932]
AN202503021643658606	12	12	[12909925, 10468347, 2441578, 6304742, 3004801, 3299941, 3108902, 2120761, 988141, 22323569, 15593909, 6729660]
AN202503061644104613	12	8	[2858228, 1762758, 2761118, 990246, 2187120, 1021592, 7806466, 3774596]
AN202503101644225910	6	1	[181]
AN202503131644327946	7	2	[88, 888]
AN202503131644343550	5	2	[-219537, 247271]
AN202503141644357580	8	6	[754, 586, 753, 170, 20, 73]
AN202503141644371785	6	4	[430867, 500467, 430867, 500467]
AN202503141644374731	7	2	[146003, 1219113]
AN202503181644476934	6	6	[3649983, 1910688, 1739295, 3649983, 1910688, 1739295]
AN202503181644489590	12	9	[35829402, 32866163, 5036907, 2154378, 40866309, 35020541, 13200594, 579725, 13780319]
AN202503181644490768	12	12	[35829402, 32866163, 5036907, 2154378, 40866309, 35020541, 14671128, 13200594, 1433968, 579725, 16105096, 13780319]
AN202503191644724671	7	7	[33150043, 980034, 376308, 847931, -595895, -533678, 34224743]
AN202503191644743275	5	3	[440201, 177178, 771316]
AN202503201645115409	4	1	[5443476]
AN202503201645117092	12	6	[185295, 151141, 350362, 173441, 41377, 901616]
AN202503201645124051	3	3	[26, 1200, 1226]
AN202503201645173309	5	5	[7650217, 4356396, 4726194, -24004, 16708803]
AN202503201645180691	6	6	[176764, 157881, 18883, 176764, 157881, 18883]
AN202503201645194536	5	1	[363]
AN202503201645212794	6	6	[960488, 934311, 26177, 960488, 934311, 26177]
AN202503201645227914	4	4	[204158, 2276115, 3877, 2484150]
AN202503211645567140	5	5	[101879, 3617, 1034972, 611, 1141079]
AN202503211645582466	12	9	[58234086, 51094616, 7497473, 8144181, 65731559, 59238797, 15190937, 2203547, 17394484]
AN202503211645591317	9	9	[918546, 587892, 330654, 420709, 155039, 265670, 1339255, 742931, 596324]
AN202503211645650058	4	1	[393]
AN202503211645656052	6	4	[166326, 61470, 166326, 61470]
AN202503211645681872	3	1	[273]
AN202503211645681938	3	1	[49589]
AN202503231646477167	6	3	[14108668, 48902, 166324]
AN202503241646930284	7	7	[781269, 13800, 45063, 423, 7220, 128776, 976551]
AN202503241646938275	3	1	[6759320]
AN202503241646941001	6	4	[845729, 171083, 845729, 171083]
AN202503241646962383	9	3	[157, 472, 45478]
AN202503241646982566	6	6	[4075614, 1117794, 985676, 238972, 5061290, 1356766]
AN202503241646993382	3	3	[46780, 2275, 49055]
AN202503251647229111	5	5	[5677965, 1260631, 13422445, 2308174, 22669215]
AN202503251647318305	12	4	[4208139, 509518, 161204, 4878861]
AN202503251647377767	8	8	[67170242886.86, 63646189305.52, 27950844234.42, 25831014404.5, 10499686234.15, 10600271401.44, 105620773355.43, 100077475111.46]
AN202503251647385022	6	2	[17436, 21176027]
AN202503251647390740	5	4	[466116, 10302, 4208, 640083]
AN202503251647416090	5	4	[5991, 25848, 19381, 415]
AN202503251647420681	12	6	[1232196, 2547079, 3003205, 1656749, 214171, 8653400]
AN202503251647430529	4	2	[229, 219]
AN202503251647439401	5	2	[111, 28]
AN202503261647675909	3	3	[5193130, 8470355, 13663485]
AN202503261647675945	3	2	[3804858, 7006]
AN202503261647768272	12	12	[512295, 255129, 47930, 21717, 34684, 476189, 1006883, 278221, 552713, 324225, 911623, 4421609]
AN202503261647779711	3	3	[45410942, 484310, 45895252]
AN202503261647787120	8	4	[7619, 24273, 31135, -5220]
AN202503261647792361	4	1	[379482]
AN202503261647806212	3	1	[681]
AN202503261647838263	2	2	[172951507, 172951507]
AN202503261647856619	4	1	[14842]
AN202503261647863408	3	3	[1197272, 1324, 1198596]
AN202503261647863430	3	3	[267576, 24868, 292444]
AN202503261647866868	4	4	[38842, 36107, 759, 75708]
AN202503261647874445	6	2	[55197, 55197]
AN202503261647876836	5	1	[5696661]
AN202503261647878310	3	2	[332, 14326]
AN202503261647881588	14	7	[1191792820.74, 2078062928.99, 341044343.07, 107637053.53, 259860292.34, 17379331.82, 3995776770.49]
AN202503261647881645	4	2	[123, 191090]
AN202503261647883996	8	4	[1962189, 2051555, 494156, 4507900]
AN202503261647886202	6	2	[267, 81916]
AN202503271648213513	3	3	[3772356, 67153, 3839509]
AN202503271648222008	6	4	[579, 1199, 579, 1199]
AN202503271648223142	5	5	[668945, 19382, 40858, 39058, 768243]
AN202503271648227153	8	8	[1069464, 767961, 106602, 98190, 2314, 15065, 125760, 2185356]
AN202503271648230209	5	2	[76249, 132047]
AN202503271648245141	8	8	[17908950, 409291, 2172849, 551559, 1535359, 94347, 356678, 23029033]
AN202503271648248793	6	1	[812]
AN202503271648256400	16	12	[308338949.63, 267232244.36, 502124378.61, 465934478.67, 282820423.59, 292959618.69, 421258696.03, 290656450.91, 311476723.57, 262339421.38, 40479103.78, 21967289.46]
AN202503271648260821	8	4	[220151, 68984, 8771, 297906]
AN202503271648276552	5	5	[397107, 573373, 889859, 5015, 1865354]
AN202503271648288253	9	6	[3044198, 1278371, 72449, 51102, 3116647, 1329473]
AN202503271648314750	3	3	[5333698, 313637, 5647335]
AN202503271648322452	3	3	[4711, 1530, 6241]
AN202503271648323477	3	3	[325232, 233707, 558939]
AN202503271648331824	5	2	[785, 7011]
AN202503281648474828	12	6	[111697, 5903, -2122, 13695, 2609, 111697]
AN202503281648485771	9	7	[165574, 81372, 509700, 404152, 105548, 569726, 186920]
AN202503281648582649	9	3	[1285876, 247701, 1533577]
AN202503281648680164	8	8	[2525448365, 2127048269, 6063476596, 5693477065, 5138652, 3134182, 8594063613, 7823659516]
AN202503281648680230	6	1	[2456]
AN202503281648680965	4	2	[184782, 38764]
AN202503281648686173	8	5	[3168, 5355, 1184, 300, 4652]
AN202503281648686212	3	3	[51337, 37762, 89099]
AN202503281648699728	3	3	[56009, 2100, 58109]
AN202503281648703371	4	1	[861]
AN202503281648721571	4	1	[151]
AN202503281648722161	5	5	[5817544, 1691640, 1803127, 3294, 9315605]
AN202503281648733247	6	6	[660549, 579136, 81413, 660549, 579136, 81413]
AN202503281648741357	6	2	[1364239, 1364239]
AN202503281648745653	4	4	[22601, 6904, 27544, 57049]
AN202503281648751744	2	2	[32638, 32638]
AN202503281648755830	5	1	[42451]
AN202503281648756723	7	5	[4450249, 202133, 107558, 92279, 13567]
AN202503281648764716	4	4	[575906, 2632, 96226, 674764]
AN202503281648764734	4	4	[2752490, 625846, 62898, 3441234]
AN202503281648764748	3	1	[234]
AN202503281648766923	6	2	[500, 279]
AN202503281648771766	3	3	[4936, 87505, 92441]
AN202503281648777881	30	24	[51431.6, -8449.51, 8563.52, 4782.82, 11041.93, -6259.11, 41212.72, 3124.09, 38088.63, 15375.78, 7457.23, 7918.55, 40501.68, 38705.12, 1796.56, 2777.44, 4426.51, 23608.89, -150.61, 231.03, -381.64, 168992.52, 148589.91, 20402.6]
AN202503281648777940	4	1	[77]
AN202503281648781462	3	2	[234, 461983]
AN202503281648785274	8	5	[1117317434.21, 183364371.14, 16400439.96, 1607551480.22, 1317082245.31]
AN202503281648786786	3	1	[86]
AN202503281648786825	5	5	[438007, 117071, 30340, 231, 585649]
AN202503281648788835	5	1	[635]
AN202503281648791582	5	2	[142516, 1063244]
AN202503281648792585	3	1	[15147886]
AN202503281648792633	4	1	[605]
AN202503281648793204	6	6	[5641, 3628, 4519, 4475, 10160, 8103]
AN202503281648793903	6	6	[29461, 22049, 7412, 29461, 22049, 7412]
AN202503281648794424	5	5	[43580, 31154, 9401, 323, 84458]
AN202503281648794920	4	1	[461837]
AN202503281648796250	11	9	[548, 14820, 238, 2, -253, 153, 906, 2369, 64585]
AN202503281648796841	5	2	[686, 65]
AN202503281648797645	8	3	[53, 737, 384]
AN202503301649159292	5	5	[11516516, 832584, 4372935, 979390, 17701425]
AN202503301649159316	6	2	[251810, 407045]
AN202503301649195367	4	4	[813952, 21872, 499799, 1335623]
AN202503311649601976	6	4	[1815464, 1098649, 1815464, 1098649]
AN202503311649636693	4	1	[6951]
AN202503311649656747	5	5	[792314, 24612, 158120, 12413, 987459]
AN202503311649659828	6	4	[1483, 543, 1483, 543]
AN202503311649669087	8	1	[94]
AN202503311649680410	6	6	[71591, 68390, 3201, 71591, 68390, 3201]
AN202503311649696937	4	4	[6742, 46, 8825, 15613]
AN202503311649701790	3	1	[188]
AN202503311649701796	3	3	[374, 37586, 37960]
AN202503311649704869	8	6	[272154, 14975, 52438, 49556, 7739, 31753]
AN202503311649708282	3	3	[1778607, 245743, 2024350]
AN202503311649709414	11	9	[3334264, 830981, 233657, 175874, 262564, 120689, 36572, 229247, 10761]
AN202503311649710926	4	4	[6705213, 3538542, 1696668, 11940423]
AN202503311649711380	9	3	[166086, 90907, 256993]
AN202503311649714663	6	2	[1289, 1289]
AN202503311649714750	7	7	[42540, 132367, 229145, 1715, 20009, 2577, 428353]
AN202503311649715421	3	3	[39705, 13305, 53010]
AN202503311649720355	5	2	[260, 680]
AN202504031650851715	4	4	[1436376389.11, 226825684.72, 218842085.89, 1882044159.72]
AN202504091653537055	12	9	[51094616, 8144181, 59238797, 17475587, 15190937, 2227840, 2203547, 19703427, 17394484]
AN202504101653974053	4	4	[242866, 1144676, 198169, 1585711]
AN202504111654911397	10	5	[236338, 66935, -832, 11593, 314034]
AN202504151657004098	6	2	[198, 942]
AN202504161657399539	6	6	[6246, 3099, 3147, 6246, 3099, 3147]
AN202504161657409173	5	5	[5476774, 76041007, 6556150, 1152589, 89226520]
AN202504171657939004	3	3	[703593, 703058, 535]
AN202504221660511988	6	6	[396551, 131955, 816398, 222951, 1212949, 354906]
AN202504231661087475	4	2	[2200294, 2200294]
AN202504251662011192	3	3	[89, 432482, 432571]
AN202504251662292186	18	18	[634011566.93, 610941890.24, 32709568.48, 26525904.74, 815231.81, 859429.46, 15212963.29, 13806405.27, 11199997.22, 14118203.96, 6105996.69, 4454257.28, 1275501.69, 559320.74, 7928968.68, 5956387.08, 709259794.79, 677221798.77]
AN202504251662382274	4	3	[297550, 33647, 5523]
AN202504281663499941	5	5	[592082, 10761, 81, 917558, 1520482]
AN202504281663884000	4	4	[132607, 88501, 73613, 294721]
AN202504281663964624	12	12	[7750014012.64, 10133176178.55, 7457204252.63, 5744845575.93, 2349702746.44, 1110949639.36, 3052968924.63, 2407713127.4, 133417851.24, 104752603.94, 20743307787.58, 19501437125.18]
AN202504291664224829	10	5	[116042, 4066, 2969, 4809, 127886]
AN202504291664247277	9	6	[61683, 7222, 8850, 24106, 70533, 31328]
AN202504291664475654	12	8	[40597, 8191, 35001, 576, 28136, 215, 103734, 8982]
AN202504291664501314	5	5	[6171, 3598, 12660, 54307, 76736]
AN202504291664618798	12	12	[69695135723.47, 58902256043.31, 16602968594.74, 15977700438.04, 28358197064.75, 23607798883.44, 6019136023.5, 5471221389.28, 7564406473.18, 3902351786.49, 11150427567.3, 9943183546.06]
AN202504301664954261	7	6	[2531, 1596, 408, 231, 455, 5496]
AN202504301665132473	5	3	[27, 121, 32]
AN202504301665212280	5	4	[30303157, 3960904, 1044, 3088144]
AN202505071668995190	6	2	[237478, 237478]
AN202505151673331862	26	14	[446, 322346, 103180, 24301, 108465, 23835, 118028, 101272, 67076, 22267, 206269, 1924, -102616, 996347]
AN202505201675768198	6	2	[947, 573]
AN202505231677875228	5	1	[300]
AN202505261679608726	6	2	[552, 351]
AN202505271680196660	5	2	[76972, 164295]
AN202505281680724871	6	4	[255912, 153394, 255912, 153394]
AN202505301681988763	8	1	[991]
AN202506131690231222	6	4	[883958, 692939, 883958, 692939]
AN202506181693256599	6	4	[422, 742, 1, 1]
AN202506181693270248	6	2	[5232, 5232]
AN202506191693952841	3	3	[721826, 223250, 945076]
AN202506201694549692	6	1	[378]
AN202506201694573015	4	4	[4367095, 1230372, 519558, 6117025]
AN202506241696871493	5	2	[320, 2]
AN202506251697412487	12	4	[243288, 164272, 68237, 475797]
AN202506251697479727	2	2	[5042, 5042]
AN202506251697488456	4	4	[93438, 49193, -2061, 140570]
AN202506251697503430	5	2	[3, 27]
AN202506251697528095	6	6	[803747, 60770, 2626, -34383, 7265, 840025]
AN202506261698028994	3	1	[15152]
AN202506261698038040	4	2	[919, 39013]
AN202506261698055958	3	2	[562152, 1348]
AN202506261698078207	4	4	[1236648, 135813, 2838, 1375299]
AN202506261698091325	6	6	[335702, 346966, -11264, 335702, 346966, -11264]
AN202506261698143418	6	6	[1733026, 312987, 232375, 250450, 1078, 2529916]
AN202506271698650304	3	1	[480]
AN202506271698667122	6	2	[30725, 30725]
AN202506271698684866	5	1	[4652]
AN202506271698684920	6	6	[273600, 273366, 234, 273600, 273366, 234]
AN202506271698739434	6	4	[19335, -3431, 19335, -3431]
AN202506271698747831	5	1	[189]
AN202506271698760314	6	6	[30280, 7062, 23218, 30280, 7062, 23218]
AN202506271698763468	5	3	[19939, 30220, 37]
AN202506271698763504	5	1	[239]
AN202506271698763546	6	4	[735820, -346293, 735820, -346293]
AN202506291699856152	6	2	[1210297, 1210297]
AN202506291699868092	3	3	[383753379, 118551847, 502305226]
AN202506301700174121	10	7	[27460, 304593, 225, 11, 2931, 424028, 334995]
AN202506301700495433	6	4	[398565, 4347, 398565, 4347]
AN202506301700495439	3	1	[406316]
AN202506301700499937	3	3	[478435, 3688, 482123]
AN202506301700507694	6	6	[366071, 356138, 9933, 366071, 356138, 9933]
AN202506301700514076	3	3	[4916, 32500, 37416]
AN202506301700521669	6	6	[264770, 245788, 18982, 264770, 245788, 18982]
AN202506301700524881	6	1	[810]
AN202506301700536588	6	4	[17987, 24831, 13090, 31077]
AN202506301700541717	6	4	[878451, 311, 878451, 311]
AN202506301700552418	4	4	[1146221, 43340, 436, 1189997]
AN202506301700560652	7	2	[138, 57359]
AN202506301700563587	6	2	[34185, 34185]
AN202506301700565530	6	6	[2091, 1903, 188, 2091, 1903, 188]
AN202507251715543738	3	3	[45459654, 535363764, 580823418]
AN202507281717221923	12	12	[16301370, 7875663, 2688647, 656349, 1251605, 435961, 163481, 94801, 394179, 49459, 20799282, 9112233]
AN202601081816848008	5	2	[902933, 1027745]
AN202601211818179056	12	6	[593236, 1184806, 872310, 312496, 30873, 936605]
AN202601231818340370	4	2	[277, 25973]
AN202601301818602002	6	3	[116519, 2829, 119348]
AN202602091819840147	8	7	[254, 216, 402, 106, 24, 30, 14]
AN202602121819895691	6	4	[143143540, 57012819, 143143540, 57012819]
AN202602131819926770	6	4	[853, 521, 270, 216]
AN202602201819971787	4	4	[71, 120712, 193, 120976]
AN202602251820021564	12	12	[3954, 3293, 7054, 3732, -1569, 16464, 15878, 12938, 27637, 14520, -2699, 68274]
AN202602251820033194	6	6	[500741, 408589, 92152, 500741, 408589, 92152]
AN202602251820035602	3	1	[231642]
AN202602251820036494	5	5	[26475, 3631, 1740, 3096, 34942]
AN202602251820037179	3	3	[14245, 20098, 34343]
AN202602251820037720	6	4	[441767, 295554, 441767, 295554]
AN202602261820045898	12	7	[26100, 22489, 4688, 2829, 6404, 1056, 808]
AN202602261820047853	12	4	[4127, 30614, 788, 35529]
AN202602261820054978	12	6	[326, 274, 86, 3464, 686, 2778]
AN202602261820055066	6	5	[14396, 4160, 2906, 2266, 17]
AN202602261820064399	8	6	[26112, 6794, -166, 102485, 27290, -696]
AN202602261820066919	6	4	[21450, 5319, 21450, 5319]
AN202602261820067278	6	6	[29214, 13495, 15719, 29214, 13495, 15719]
AN202602261820070200	6	4	[132550, 41264, 132550, 41264]
AN202602261820070247	13	13	[4748, 705, 1936, 1690, 734, 3616, 285, 1107, 246, 956, 2730, 805, 19558]
AN202602261820071002	12	8	[62301, 510, 30, 62331, 190520, 2974, 561, 191081]
AN202602261820071640	6	6	[31094, 9256, 21838, 31094, 9256, 21838]
AN202602261820072003	8	8	[42498, 16445, 8017, 4599, 3713, 641, 54228, 21685]
AN202602271820100486	6	6	[3899, 2619.2, 99.4, 748.2, 1025, 8390.8]
AN202602271820100616	7	4	[730, 515, 26, 34]
AN202602271820101294	6	3	[246, 78, 85]
AN202602271820101807	6	4	[31281, 21272, 31281, 21272]
AN202602271820103692	12	8	[15321735, 2510051, 1055115, 1938403, 23290, 12570, 16400140, 4461024]
AN202602271820105223	6	2	[35656, 35656]
AN202602271820105743	12	7	[727, 284613, 88310, 6754, 58856, 1648, 440181]
AN202602271820105926	6	4	[18357783, -786780, 18357783, -786780]
AN202602271820106866	6	2	[5707, 5707]
AN202602271820107049	4	4	[36334, 13546, 6138, 56018]
AN202602271820107497	5	4	[583, 16807, 23017, 614]
AN202602271820108309	3	3	[85477, 3, 85480]
AN202602271820108796	4	4	[17275, 1262, 3412, 21949]
AN202602271820109011	4	1	[889]
AN202602271820109070	6	4	[6858, 2, 2, 6861]
AN202602271820109149	3	2	[193, 41389]
AN202602271820109432	6	4	[5844, 23688, 5844, 23688]
AN202602271820110092	5	5	[5221, 72993, 5748, 268123, 352085]
AN202602271820110209	5	5	[18317, 76365, 443, 8904, 104029]
AN202602271820110660	4	4	[9005, 8, 3923, 12936]
AN202602271820110734	3	3	[42474, 14090, 56564]
AN202602271820110789	3	2	[471, 466811]
AN202602271820110838	5	3	[31572, 453, 635]
AN202602271820112543	4	3	[3117, 224, 13]
AN202602271820112752	5	4	[2957, 12164, 6720, 21869]
AN202602271820112793	6	1	[400]
AN202602271820112953	3	3	[7543, 2625, 10168]
AN202603011820160854	7	7	[139164, 17969, 10, 3, 150, 15628, 172924]
AN202603021820196960	18	18	[362966, 338496, 24470, 488805, 368522, 120283, 94207, 91987, 2220, 66296, 43986, 22310, 36043, 24774, 11269, 1048317, 867765, 180552]
AN202603031820229304	8	8	[4754.4, 511.7, 68.1, 365.6, 408.8, 101.5, 7.9, 6218]
AN202603041820264743	8	4	[12117818, 7645885, 1421398, 21185101]
AN202603051820293798	6	5	[918, 175, 116, 126, 10]
AN202603051820302384	5	2	[1839888, 39]
AN202603051820302534	9	3	[5098477, 997699, 4100778]
AN202603051820305635	10	8	[153267, 119720, 30616, 48681, 605131, 418671, 107131, 178152]
AN202603061820350863	8	8	[62857009, 32628100, 33816407, 33138500, 37222044, 27624700, 133895460, 93391300]
AN202603101820443403	12	8	[5191671, 3524547, 2193527, 1835700, 1973994, 1532509, 9359192, 6892756]
AN202603101820443458	6	1	[175]
AN202603101820461453	6	2	[4479, 346387]
AN202603101820462644	12	9	[25893175, 2683007, 28576182, 76883876, 65670810, 10603634, 9900995, 87487510, 75571805]
AN202603111820483806	4	4	[22855028, 9359078, 3570909, 35785015]
AN202603121820513698	9	3	[917, 856, 135]
AN202603121820513984	9	4	[526, 656, 965, 536]
AN202603121820520372	8	1	[347]
AN202603121820526849	4	4	[5942407839.6, 1400367621.26, 115076656.22, 7457852117.08]
AN202603121820527555	6	4	[165, 146, 165, 146]
AN202603131820548258	6	4	[264378, 247833, 264378, 247833]
AN202603131820548954	5	3	[1585521, 1961324, 6368752]
AN202603131820551483	5	1	[160835]
AN202603131820554185	4	1	[813]
AN202603131820555199	5	3	[51463, 155, 4279]
AN202603131820555495	3	3	[7536, 367180, 374716]
AN202603151820566061	17	6	[257288, 131110, 35002, 56836, -73914, 406322]
AN202603161820571772	6	6	[4069716, 2051920, 2017796, 4069716, 2051920, 2017796]
AN202603161820585273	6	6	[10468, 299, 4307, 3451, 2672, 21197]
AN202603161820585797	10	10	[912155, 428538, 201324, 94358, 163572, 84395, 50200, 22970, 1327251, 630261]
AN202603171820597329	12	6	[1971596, 2075446, 1997766, 1321368, 3969362, 3396814]
AN202603171820603165	5	3	[1886708, 150175, 1410]
AN202603181820616816	10	7	[174329, 26144, 98023, 8639, 4637, 2023, 41443]
AN202603181820621195	6	6	[1669017, 1253487, 415530, 1669017, 1253487, 415530]
AN202603181820621350	10	7	[8205, 29317, 28385, 26586, 10930, 10015, 74123]
AN202603181820621582	3	3	[6313421, 3745065, 10058486]
AN202603181820624091	15	5	[358297, 211018, 40035, 52464, 661814]
AN202603181820625625	8	8	[12943, 11696, 668, 25307, 3266, 3023, 236, 6525]
AN202603181820626109	8	3	[2070533, 2666365, 3455816]
AN202603181820626164	8	8	[2070533, 2066890, 2666365, 11637, 3455816, 2078527, 74804, 8267518]
AN202603181820627025	9	3	[590763, 62760, 653523]
AN202603181820627788	4	4	[4781, 14725, 31630, 51136]
AN202603181820628506	5	1	[803]
AN202603181820628612	4	4	[42315, 153, 5367, 47835]
AN202603191820633887	6	6	[21618, -465, 10124, 7884, -29, 39132]
AN202603191820645587	3	3	[13, 1806, 1819]
AN202603191820645609	5	1	[1508959]
AN202603191820645694	6	1	[778]
AN202603191820646679	7	7	[35873540, 1001044, 459008, 875224, -1132116, -646280, 36430420]
AN202603191820647907	7	2	[143001, 1074487]
AN202603191820648246	3	3	[1445476, 1297055, 148421]
AN202603191820648647	8	4	[3026438, 911794, 621337, 4559569]
AN202603191820649442	6	5	[7796166, 282813, 198088, 51305, 114353]
AN202603191820650300	4	3	[4336.8, 1160, 5518.5]
AN202603191820651281	4	4	[44255, 5258, 825, 50338]
AN202603191820651593	7	3	[193885, 57077, -63255]
AN202603191820651630	6	5	[3148.3, 171.8, 2109.5, -234, 5196.5]
AN202603191820653065	6	3	[11540, 783, 12323]
AN202603191820653115	3	2	[92237, 508]
AN202603191820653468	4	1	[80]
AN202603191820653491	5	5	[772813, 561876, 264080, 982625, 2581394]
AN202603201820657945	5	5	[1810.6, 870.7, 544.8, 271.6, 3497.6]
AN202603201820663506	6	6	[5076748, 314584, 898751, 138443, 5975499, 453027]
AN202603201820667606	7	7	[41534.7, 2202.8, 3685.4, 1603.5, 1645.9, 3654, 54326.3]
AN202603201820667938	3	1	[500]
AN202603201820669121	12	9	[59598391, 19072174, 16583754, 2648432, 3181585, 928199, 62246823, 22253759, 17511953]
AN202603201820669312	12	12	[68378920, 59598391, 19072174, 16583754, 8340822, 2648432, 3181585, 928199, 76719742, 62246823, 22253759, 17511953]
AN202603201820671610	5	5	[93552, 33505, 1176399, 957, 1304413]
AN202603201820673139	5	1	[641]
AN202603201820673185	3	3	[535708, 10594, 546302]
AN202603201820673571	7	1	[500]
AN202603201820674845	5	4	[212086, 31874, 28894, 4013]
AN202603201820675291	4	4	[4107052, 264690, 581581, 4953323]
AN202603201820675513	4	1	[92]
AN202603201820675766	3	1	[349]
AN202603201820675887	4	4	[133650, 125823, 149, 7678]
AN202603201820676046	8	8	[736561, 570120, 541357, 17395, 180558, 51817, 131997, 2229805]
AN202603201820676051	6	4	[9789, 25092, 9789, 25092]
AN202603201820676323	6	4	[180161, 91920, 180161, 91920]
AN202603201820676459	6	2	[89, 3484655]
AN202603201820676603	10	10	[5253944, 305928, 223982, 118678, 52350, 44467, 76146, 50460, 5606422, 519533]
AN202603201820676621	12	12	[6775580776.17, 3933930327.31, 2482045705.51, 1061323583.28, 9672174234.96, 5288135220.58, 56983479018.22, 53638279193.33, 1499262856.47, 1008151734.27, 77412542591.33, 64929820058.77]
AN202603201820676676	12	8	[123790, 21804, 64225, 15494, 149374, 89451, 337389, 126749]
AN202603201820677012	6	4	[146824, 54686, 14854, 2735]
AN202603221820687990	13	12	[763996, 555174, 353855, 38856, 184796, 123127, 209624, 103185, 42621, 351226, 55292, 1831]
AN202603231820694462	3	3	[36381069, 493366, 36874435]
AN202603231820703513	2	2	[13957301, 13957301]
AN202603231820705254	10	10	[211377, 163815, 126199, 102613, 60711, 198545, 313990, 224526, 359843, 684587]
AN202603231820705549	10	6	[211377, 163815, 102613, 60711, 313990, 224526]
AN202603231820705664	6	4	[3804922, 2139323, 3804922, 2139323]
AN202603231820706032	12	8	[90441, 27391, 48367, 18099, 18947, 637, 157755, 46127]
AN202603231820706256	6	6	[149188, 16991, 4288, 3641, 153476, 20632]
AN202603231820706686	5	5	[789710, 701127, 525, 7027, 81031]
AN202603231820707266	9	8	[18584744, 13283267, 5301477, 12427001, 8921797, 3505204, 22205064, 8806681]
AN202603231820707956	6	6	[3975238, 1096312, 1045639, 240841, 5020877, 1337153]
AN202603231820708396	6	6	[750637, 450525, 300112, 750637, 450525, 300112]
AN202603231820708421	6	6	[131509, 14452, 117057, 131509, 14452, 117057]
AN202603241820720677	6	6	[49475914, 1595219, 1620165, 3204285, 3475741, 59371324]
AN202603241820720685	4	1	[6019727]
AN202603241820720688	6	6	[336152, 140360, 195792, 336152, 140360, 195792]
AN202603241820720689	5	5	[3787264, 227180, 374762, 625915, 5015121]
AN202603241820720699	12	4	[4294771, 456172, 325210, 5076153]
AN202603241820721242	12	6	[2323248, 614000, 4719149, 78439, 1228877, 8963713]
AN202603241820721570	6	6	[204528, 125979, 147307, 7610, 44135, 529559]
AN202603241820722983	4	4	[3295591, 1306071, 866512, 5468174]
AN202603241820723128	3	3	[5900212, 15889806, 21790018]
AN202603241820723731	4	3	[20564600, 2141038, 3620304]
AN202603241820724591	5	5	[505087, 580410, 973640, 7166, 2066303]
AN202603241820726627	5	5	[2880, 3159, 57726, 5916, 69681]
AN202603241820727677	8	4	[103430, 12789, 481, 116700]
AN202603241820727972	5	2	[803557, 3667924]
AN202603241820728302	4	3	[10131741, 2980985, 82532051]
AN202603241820728343	14	7	[1178318525.29, 2031042171.1, 421455027.77, 78694252.67, 281038436.88, 24123309.77, 4014671723.48]
AN202603241820728957	7	7	[255924, 74519, 9451, 5224, -39260, 8895, 314753]
AN202603241820729158	6	3	[19135, 2791, 21926]
AN202603241820729268	6	6	[8267, 14858, 729, 9679, 32725, 66258]
AN202603241820729428	18	8	[882006, 297499, 317537, 188386, 150379, 40228, 131599, 2008818]
AN202603241820729603	6	6	[64105, 52049, 12056, 64105, 52049, 12056]
AN202603241820729830	6	4	[278202, 117538, 278202, 117538]
AN202603241820729879	8	8	[552611, 480330, 490766, 377607, 27468, 288905, 238, 2217925]
AN202603251820733972	12	7	[566489, 692468, 18648, 547540, 553935, 178794, 52366]
AN202603251820734009	12	12	[422471, 299557, 11218, 733246, 566489, 692468, 18648, 547540, 553935, 178794, 52366, 2610240]
AN202603251820734043	20	15	[1580973, 219722, 630384, 576653, 1903, -1903, 57085, 158017, 2599, 2766, 84577, 107283, 3420059, 2357521, 1062538]
AN202603251820738669	5	4	[17254326, 16433829, 1689446, 1742451]
AN202603251820742309	6	6	[194785544, 108969950, 14493346, 597243097, -4245969, 911245968]
AN202603251820742325	4	4	[81462, 39087, 22227, 142776]
AN202603251820742422	6	6	[2165251, 1140570, 723884, 405432, 1061872, 5497009]
AN202603251820742424	6	4	[1685967, 952483, 1685967, 952483]
AN202603251820742839	2	2	[5382047, 5382047]
AN202603251820743760	6	6	[867937, 2618297, 1750360, 5928745, 3754136, 9682881]
AN202603251820745385	5	3	[3492386, 2123572, 113176]
AN202603251820745981	12	6	[38602099902.82, 11091718680.16, 906191957.92, 729581305.69, 149371881.27, 51478963727.86]
AN202603251820746324	7	7	[122515174, 35168026, 6724582, 10892666, -353449, 1009120, 175956119]
AN202603251820746696	6	4	[109895, 14666, 109895, 14666]
AN202603251820746737	6	2	[594, 6654]
AN202603251820747705	26	26	[5123849101.01, 2811056075.22, 779900747.02, 716524725.98, 544286877.08, 295018656.12, 32956385.3, 55681897.34, 5736872.61, 10630537.65, 154835396.5, 188889773.8, 1995659267.27, 1880535842.7, 308811229.07, 279961373.4, 59281018.26, 50796725.33, 46307169.02, 37624579.69, 911344.22, 3820211.08, 211945133.67, 126454165.23, 9264480541.03, 6456994563.54]
AN202603251820748152	9	7	[550.3, 3266, 816.1, 371.1, 265.5, 435.8, 15068.1]
AN202603251820749127	5	5	[780243, 43899, 159675, 78759, 1062576]
AN202603251820749890	8	5	[13594455106.46, 12850646826.07, 8738178.35, 3936410.75, 15711806536.82]
AN202603251820750154	7	3	[93996, 4191, 98187]
AN202603251820752214	6	6	[192085, 148235, 43850, 192085, 148235, 43850]
AN202603251820752545	3	2	[889452, 5132]
AN202603251820752547	6	6	[2180544, 179507, 697562, 266376, 22266, 3346255]
AN202603251820752569	6	6	[290088, 61657, 422782, 165163, 712870, 226820]
AN202603251820752593	3	3	[10427, 19212, 29639]
AN202603251820752764	6	2	[756083, 756083]
AN202603251820752802	4	4	[151050619, 12903710, 92657, 164046986]
AN202603251820752947	12	11	[2038600, 1882067, 156533, 477850, 502044, -24194, 181479, 26229, 2724158, 2565590, 158568]
AN202603251820753096	10	5	[82985, 41762, 36657, 836, 162240]
AN202603251820753187	5	5	[130126, 413754, 20691, 1664, 566235]
AN202603251820753201	15	15	[65484, 34319, 31165, 49645, 29986, 19659, 102556, 42601, 59955, 14317, 16959, -2642, 232002, 123865, 108137]
AN202603251820753362	14	14	[3593414437.31, 1997436408.01, 250324094.83, 160573411.09, 194605175.29, 167436452.68, 75193374.95, 50058397.45, 33609567.92, 26774265.02, 612924377.14, 535848374.42, 4760071027.44, 2938127308.67]
AN202603251820753416	3	3	[132034, 7078, 139112]
AN202603261820757123	6	4	[2991131, 72169, 2991131, 72169]
AN202603261820762401	3	3	[138301483, 26101945, 164403428]
AN202603261820762494	4	4	[8420019, 5451243, 279824, 14151086]
AN202603261820766852	3	2	[5392, 907162]
AN202603261820767650	3	1	[73191]
AN202603261820767719	6	6	[182992, 128117, 54875, 182992, 128117, 54875]
AN202603261820767862	12	8	[2480061, 421496, 29130, 326166, 13187, 40490, 2522378, 788152]
AN202603261820768850	8	6	[6657, 13118, 9350, 16607, 40601, 32793]
AN202603261820769002	7	7	[502442, 1140398, 50413, 215702, 351431, 55485, -35075]
AN202603261820769042	10	5	[96067515, 105476787, 51920379, 111390065, 364854746]
AN202603261820770711	6	6	[144120, 14676, 36100, 2294, 7603, 204793]
AN202603261820771615	6	6	[854954, 722777, 132177, 854954, 722777, 132177]
AN202603261820771688	3	1	[520]
AN202603261820771997	8	2	[29302, 539834]
AN202603261820772751	6	2	[11680, 22446181]
AN202603261820773116	6	2	[203, 538]
AN202603261820773241	5	1	[139193]
AN202603261820773408	8	4	[1415171, 553785, 368587, 2337813]
AN202603261820773566	7	2	[528909, 13290]
AN202603261820773644	5	1	[700]
AN202603261820774224	6	4	[54160, 18061, 54160, 18061]
AN202603261820774283	8	4	[359, 318380, 2099, 320838]
AN202603261820774900	9	3	[11793, 45453, 57246]
AN202603261820775058	4	1	[14928]
AN202603261820775085	4	2	[221, 25874]
AN202603261820775161	9	9	[1486633, 369231, 1117402, 1331390, 1264660, 66730, 2818023, 1633891, 1184132]
AN202603261820775361	8	2	[217, 88]
AN202603261820775817	4	4	[13601982, 24449, 216273, 13842704]
AN202603261820776650	20	20	[3174057, 2187211, 2134566, 1775316, 148350, 142000, 11248578, 8961759, 2339995, 1778564, 1497932, 974529, 2546847, 1290661, 277430, 199270, 333311, 285169, 23701066, 17594479]
AN202603261820776871	6	2	[2, 4475]
AN202603261820776879	6	6	[6262595, 32844361, 46717154, 14303592, 5205662, 105333364]
AN202603261820776885	9	6	[2801312, 3340954, 240359, 506325, 3041671, 3847279]
AN202603261820776932	3	3	[163946607, 1468151, 165414758]
AN202603261820777155	3	2	[90848, 648]
AN202603261820777201	9	3	[45133, 1963, 47096]
AN202603261820777243	4	4	[600946, 427885, 1866035, 837204]
AN202603261820777363	9	3	[173132, 6712, 4031329]
AN202603261820777408	3	3	[68997, 114043, 183040]
AN202603261820777423	4	1	[732]
AN202603261820777543	3	3	[138744, 23018, 161762]
AN202603261820777669	6	1	[810]
AN202603261820777698	6	4	[337266, 22513, 337266, 22513]
AN202603261820777799	5	5	[669932, 8699216, 9193194, 19107405, 37669747]
AN202603261820777853	3	3	[1551, 8094, 9645]
AN202603261820778262	3	3	[896392, 4440, 900832]
AN202603261820778867	8	6	[15868339, 11664565, 2060962, 20547, 90288, 11775400]
AN202603261820778899	7	6	[1404149, 1366209, 1510790, 1078867, 203978, 67758]
AN202603261820779128	6	1	[892]
AN202603261820779155	6	2	[722413, 636864]
AN202603261820779191	4	2	[292, 109]
AN202603261820779220	8	5	[13385, 686, 225, 225, 23496]
AN202603261820779390	8	4	[49646, 2064, 470, 52180]
AN202603261820779434	20	20	[38395834507.41, 18978317766.15, 1358480377.49, 541675088.16, 120419542.82, 53099135.79, 33717317.71, 21900122.55, 180051461.59, 82866732.49, 279011808.88, 159082380.58, 43193097874.88, 42846200728.25, 10376179655.23, 10139685996.35, 10187527335.17, 10017358649.01, 104124319881.18, 82840186599.33]
AN202603261820779458	8	1	[-390950]
AN202603261820779508	12	8	[794199, 703146, 432470, 351230, 304003, 183025, 1530672, 1237401]
AN202603261820779535	6	3	[346073, 67792, 413865]
AN202603261820779570	3	2	[109031, 368]
AN202603261820779610	4	4	[56205, 245431, 21309, 322945]
AN202603261820779616	6	4	[6800957, 68908, 6800957, 68908]
AN202603261820779655	7	6	[84487, 41488, 54021, 65386, 17736, 39211]
AN202603261820779658	4	4	[1901453, 299228, 93398, 2294079]
AN202603261820779718	3	2	[1330506, 128762]
AN202603261820779804	4	4	[382969, 982064, 14953, 1379986]
AN202603261820780122	8	6	[28652, 3249, 41338, 14958, 354, 44941]
AN202603261820780123	8	4	[113768, 970440, 216944, 1301152]
AN202603271820786040	6	6	[12581418, 5079206, 2988390, 188787, 39248, 20877049]
AN202603271820786591	12	4	[154913, 310483, 140929, 606325]
AN202603271820786636	6	2	[17941, 17941]
AN202603271820793587	6	6	[2266203, 392661, 99216, 185030, 11039, 2954149]
AN202603271820793745	7	5	[4970974, 149779, 83718, 94310, 13623]
AN202603271820798708	12	7	[669797052, 3613170295, 1490566622, 5198333436, 939948941, 18806323315, 11911816346]
AN202603271820798750	10	10	[1138224, 1000945, 215069, 169350, 136970, 117938, 34672, 32749, 1524935, 1320982]
AN202603271820798953	6	3	[128958, 32761, 161719]
AN202603271820799213	7	7	[249228678, 65358822, 509636, -8657255, 169945832, 3460599, 18611044]
AN202603271820800409	8	2	[799930, 195]
AN202603271820800534	10	2	[1322839, 1097121]
AN202603271820801411	6	1	[36]
AN202603271820802100	5	1	[8200566]
AN202603271820802578	7	1	[803]
AN202603271820802758	13	9	[4913770, 57178478, 14793406, 3219877, 2856312, 1553049, 24293130, 18401296, 99696311]
AN202603271820802816	8	4	[14184, 76970, 56034, 147188]
AN202603271820802832	4	1	[680]
AN202603271820802858	4	2	[251, 405]
AN202603271820804424	10	1	[522]
AN202603271820805880	14	14	[776359572.93, 607834903.77, 1083257899.31, 903886338.31, 1212330812.04, 1032714570.99, 211433230.59, 172875822.1, 126736931.67, 97001105.23, 26737904.06, 23018850.69, 3436856350.6, 2837331591.09]
AN202603271820806747	6	2	[1085267, 1085267]
AN202603271820807231	2	2	[28915, 28915]
AN202603271820807318	8	4	[38703, 2028, 2233, 42964]
AN202603271820807608	5	5	[4925207, 197100, 2790736, 1888567, 48804]
AN202603271820808018	12	6	[59906, 3497, -401, -926, 8550, 70626]
AN202603271820808924	6	6	[584122, 471008, 113114, 584122, 471008, 113114]
AN202603271820809543	8	8	[3895604, 467818, 91860, 832649, 549392, 137113, 82904, 6057340]
AN202603271820809586	4	2	[16146, 1170]
AN202603271820809759	4	4	[92544, 37357, 39227, 15960]
AN202603271820809939	7	1	[781]
AN202603271820810601	6	6	[22413044, 3568864, 253513, 3284564, 528595, 30048580]
AN202603271820811457	15	11	[138816, 72523, 9142, 10423, 9181, 7837, 129, 36, 93, 157175, 90876]
AN202603271820811607	6	2	[451, 712]
AN202603271820811681	6	4	[399034, 7709, 399034, 7709]
AN202603271820811803	18	1	[8075]
AN202603271820811922	8	8	[15888, 320272, 124954, 17928, 6255, 114474, 28431, 12342]
AN202603271820812286	3	3	[14020, 6169, 20189]
AN202603271820812820	3	3	[1664747900.33, 40002742.24, 1704750642.57]
AN202603271820812958	6	4	[7167544, 4406139, 188634, 4594773]
AN202603271820813082	8	5	[526600, 107634, 579, 364, 634598]
AN202603271820813084	7	7	[967588, 14920, 179759, 2272, 50523, 221752, 1436814]
AN202603271820813096	8	8	[15805520225, 9269935716, 12780537591, 9741652355, 116642247, 95213433, 28702700063, 19106801504]
AN202603271820813211	6	6	[59108, 47315, 11793, 59108, 47315, 11793]
AN202603271820813335	5	5	[6488735, 1574434, 1860967, -6551, 9917585]
AN202603271820813464	12	4	[18070, 7564, 120827, 146461]
AN202603271820813814	19	10	[1433794761.49, 823042368.69, 772352213.18, 73263668.95, 188671717.29, 65937075.3, 27300146.91, 41027708.76, 47275173.02, 3472664833.59]
AN202603271820814022	6	4	[626901, 10223, 626901, 10223]
AN202603271820814063	12	8	[248278, 49230, 80801, 13808, 6046, 4647, 335125, 67685]
AN202603271820814076	14	14	[347479, 122921, 1848, 428, 98956, 20123, 49935, 4633, 2914, 122, 412, 276, 501544, 148503]
AN202603271820814106	6	6	[57000240, 6663716, 1508397, 637169, 29411, 65838933]
AN202603271820814231	6	6	[64441, 62037, 2404, 64441, 62037, 2404]
AN202603271820814256	10	8	[493, 2737, 251, 8, -45, 5131, 906, 41987]
AN202603271820814370	6	6	[651645, 47151, 48460, 15865, 4322, 767443]
AN202603271820814412	10	10	[667802, 573083, 637759, 233954, 104040, 29022, 221380, 2036, 114441, 2583517]
AN202603271820814414	4	4	[96658494, 12141911, 740480, 109540885]
AN202603271820814443	8	4	[165793, 82706, 554, 249053]
AN202603271820814462	8	4	[328907610, 2526846, 32900, 390774]
AN202603271820814478	5	5	[8479621, 292418, 2641458, 3423936, 14837433]
AN202603271820814482	9	9	[278435, 262898, 15537, 484932, 390822, 94110, 763367, 653720, 109647]
AN202603271820814600	9	6	[167143, 31917, 102242, 22544, 269385, 54461]
AN202603271820814605	6	4	[412668, -30273, 412668, -30273]
AN202603271820814889	8	4	[1009593, 116309, 47666, 1173568]
AN202603271820814920	6	4	[45650, 22593, 45650, 22593]
AN202603271820815050	5	1	[427]
AN202603271820815058	9	5	[331056, 83447, 15682, -5967, 424218]
AN202603271820815404	6	2	[719, 415]
AN202603271820815472	4	4	[24462, 6495, 1881, 32838]
AN202603271820815867	6	3	[1251029135.97, 17165884.28, 1268195020.25]
AN202603271820815868	6	4	[332826, 9742, 2914, 9215]
AN202603271820817221	6	4	[226248, 717010, 226248, 717010]
AN202603271820817431	4	4	[11220573, 3437443, 53307, 14711323]
AN202603271820817497	12	12	[140207176872.34, 115970785673.49, 45227649162.89, 44018282257.28, 3341834835.4, 3336117738.38, 1146881403.06, 1003288911.39, -45778576902.01, -45867419255.17, 144144965371.68, 118461055325.37]
AN202603271820817507	6	6	[6248764, 138468013, 8182351, 87185994, 1040095, 241125217]
AN202603271820817899	9	1	[257]
AN202603271820817902	4	2	[26730, 2585]
AN202603271820817995	5	3	[676328, 206937, 58724]
AN202603271820818011	18	12	[22931, 81928, 13105, 35224, 622, 1037, 31651, 104810, 3864, 35792, 72173, 258791]
AN202603271820818548	6	4	[12995361, 71436, 12995361, 71436]
AN202603271820819056	6	1	[115]
AN202603271820819069	6	1	[434]
AN202603271820819081	4	2	[78640, 9792311]
AN202603271820819097	9	6	[5699074, 4082835, 4623398, 2181189, 10322472, 6264024]
AN202603271820819106	8	3	[989673, 1355, 5382]
AN202603271820819177	5	5	[2140560, 1796806, 1377035, 106264, 5420665]
AN202603291820839080	6	6	[135029, 326429, 1822223, 578857, 1931, 2864469]
AN202603291820839111	5	5	[448722, 109564, 26667, 783, 585736]
AN202603291820839143	6	1	[260951]
AN202603291820839454	8	4	[1914252, 2116648, 403091, 4433991]
AN202603291820839628	8	4	[373732, 832291, -7098, 1198925]
AN202603291820840660	4	4	[2483326, 2820371, 268025, 5571722]
AN202603301820852279	6	6	[30877, 19815, 7677, 1475, 38554, 21290]
AN202603301820856694	6	3	[13269256, 40025, 13309281]
AN202603301820856763	8	4	[28177530524.14, 25695912500.39, 11130829599.28, 65004272623.81]
AN202603301820856767	6	4	[3565995596.74, 1217051289.13, 6832800615.35, 1873194299.58]
AN202603301820856880	6	4	[21454108, 1444529, 21454108, 1444529]
AN202603301820858466	8	5	[25947, 9384, 938, 940, 199]
AN202603301820864505	8	6	[5962992, 254618, 145817, 43141, 41225, 338984]
AN202603301820868236	6	6	[506892, 398697, 108195, 506892, 398697, 108195]
AN202603301820868334	6	4	[121514, 9937, 121514, 9937]
AN202603301820868375	6	3	[9719, 5246, 14965]
AN202603301820868985	8	2	[499, 3140]
AN202603301820869093	4	2	[31858, 25268]
AN202603301820869565	5	5	[630747, 19254, 38630, 38005, 726636]
AN202603301820869787	9	9	[7261237, 6465170, 796067, 1243281, 479715, 763566, 8504518, 6944885, 1559633]
AN202603301820871262	8	8	[133126, 31037, 23988, 1418, 12890, 3749, 170004, 36204]
AN202603301820871552	15	5	[625525, 49634, 2090, 26192, 703441]
AN202603301820872426	6	6	[1023274, 918542, 104732, 1023274, 918542, 104732]
AN202603301820872797	6	6	[1118102382.08, 11200330.69, 27622078.99, 2410497.68, 376881.67, 1159712171.11]
AN202603301820873270	10	6	[396730645.42, 15928812.2, 9185403.48, 37337355.08, 14631926.49, 436476787.59]
AN202603301820873510	5	5	[11337668283, 8455417270, 5314501683, 1864684977, 26972272213]
AN202603301820874291	8	8	[57009837078.46, 53750913513.47, 29370187737.42, 27264729304.67, 10428639021.32, 10289230066.84, 96808663837.2, 91304872884.98]
AN202603301820874302	6	3	[309221, 48046, 357267]
AN202603301820874436	15	15	[1836962, 927656, 909306, 513887, 498384, 15503, 96342, 788, 95554, 311300, 307162, 4138, 2758491, 1733990, 1024501]
AN202603301820874853	16	8	[6476422202.79, 1529284223.52, 229531430.07, 13444492.96, 208181527.93, 104963.91, 145389246.23, 8602358087.41]
AN202603301820875302	8	8	[4877750348, 10626879203, 7545362181, 1579842324, 1288497724, 13181055685, 1418531925, 40517919390]
AN202603301820875462	12	9	[896787896, 821278396, 60752321, 19145391, 13975328, 16842445, 10491106, 30445055, 23169817]
AN202603301820875466	3	1	[242]
AN202603301820875759	4	1	[11]
AN202603301820876234	6	6	[931737, 17303, 28462, 45322, 70670, 1093494]
AN202603301820876262	6	6	[556925, 539092, 17833, 556925, 539092, 17833]
AN202603301820876437	11	6	[411101, 457269, 300478, 8346, -98961, 1078233]
AN202603301820876908	11	7	[6113, -3166, -2741, 14130, -18, 20243, -5925]
AN202603301820876990	6	1	[420]
AN202603301820877223	5	5	[118796, 6942, 20916, 9935, 156589]
AN202603301820877800	4	4	[24414079, 13191656, -2395309, 35210426]
AN202603301820877806	3	1	[16577]
AN202603301820879120	6	4	[21245839825.85, 941127046.72, 1613056259.54, 28814589212.28]
AN202603301820879203	6	4	[104175, 20843, 104175, 20843]
AN202603301820879687	14	7	[234443, 91800, 39635, 33837, 32397, 2993, 435105]
AN202603301820879733	10	10	[27324044, 4004411, 7327752, 2340844, 2393466, 468922, 6183864, 1701711, 43229126, 8515888]
AN202603301820879859	8	5	[112, 54, 7120, 2165, 19852]
AN202603301820879862	5	1	[17353799]
AN202603301820880201	5	5	[168238, 36922, 306681, 703, 512544]
AN202603301820880268	7	2	[23209, 15479890]
AN202603301820880322	7	6	[81640, 34944, 6574, 1261, 1411, 744]
AN202603301820880332	4	4	[427833, 26094, 10241, 464168]
AN202603301820880407	4	2	[7120, 64630]
AN202603301820880573	8	1	[92]
AN202603301820880643	9	6	[189284, 22151, 11675, 377, 200959, 22528]
AN202603301820880669	6	4	[339427, 30384, 303029, 7831]
AN202603301820880809	5	5	[14539856250.65, 7742588995.61, 118564899.57, 1600647329.85, 24001657475.68]
AN202603301820880847	4	1	[22484]
AN202603301820880849	10	5	[119127, 4904, 977, 2631, 127639]
AN202603301820880859	8	4	[322771, 127420, 143347, 593538]
AN202603301820881019	6	1	[223]
AN202603301820881041	24	18	[2817808, 1349545, 196221, 125955, 315560, 217960, 202213, 67973, 74598, 43939, 16912, 1344, 342907, 181456, 161451, 5772935, 3804768, 1968167]
AN202603301820881053	6	6	[28564, 12171, 16393, 28564, 12171, 16393]
AN202603301820881113	6	6	[32682, 24643, 8039, 32682, 24643, 8039]
AN202603301820881457	4	1	[619]
AN202603301820881458	4	4	[385794, 528353, 88396, 1002543]
AN202603311820887730	6	1	[246]
AN202603311820887911	5	4	[551, 41, 12, 606]
AN202603311820888372	7	1	[868]
AN202603311820889064	8	7	[38499111, 6585222, 16758818, 3218564, 5924760, 1392285, 11196071]
AN202603311820891547	6	4	[213180, 29380, 213180, 29380]
AN202603311820909383	8	5	[1761276, 1636115, 258570, 965242, 2985088]
AN202603311820909420	5	5	[10580, 2169, 4524, 1313, 18586]
AN202603311820909464	4	2	[705, 202]
AN202603311820915356	8	1	[612]
AN202603311820915496	8	8	[1915618, 5654421, 3308, 599037, 19524901, 612, 6254070, 21443827]
AN202603311820918045	4	4	[26855887, 30795433, -924473, 56726847]
AN202603311820918541	8	4	[209296, 1447, 20482, 231225]
AN202603311820919622	4	1	[11961]
AN202603311820921374	11	4	[96483, 182862, 13601, 5225637]
AN202603311820922298	6	4	[89920, 40673, 89920, 40673]
AN202603311820922474	6	5	[170, 13204, 626, 4384, 792]
AN202603311820923233	9	6	[73470, 12484, 47940, 493, 121410, 12977]
AN202603311820923275	5	5	[3849231, 1903240, 737161, 100477, 6590109]
AN202603311820923283	10	5	[269014, 64849, 11023, 436, 345322]
AN202603311820923451	5	5	[88757, 294304, 166772, 46872, 596705]
AN202603311820923760	6	3	[1000006, 12405, 1012411]
AN202603311820924004	8	5	[82324, 2652, 556, 332, 85308]
AN202603311820924049	6	2	[94954, 94954]
AN202603311820924380	3	3	[31599, 162032, 193631]
AN202603311820924628	5	5	[950, 37250, 1069, 883, 40152]
AN202603311820924634	6	3	[15243, 644, 15887]
AN202603311820924681	4	3	[25995070, 3809284, 448359]
AN202603311820924700	9	9	[237164, 145525, 91639, 16257, 9635, 6622, 253421, 155160, 98261]
AN202603311820924933	6	4	[4025, 9050, 4025, 9050]
AN202603311820925025	10	5	[334228649.57, 433009486.1, 497703889.19, 3620574.72, 1268562599.58]
AN202603311820925414	3	2	[140978, 186936]
AN202603311820925426	12	7	[25781, 953, 460, 1621, 332, 12897, 6152]
AN202603311820925485	9	6	[53099, 2915, 10002, 17858, 63101, 20773]
AN202603311820925529	6	4	[1344301, 836864, 1344301, 836864]
AN202603311820925561	4	1	[2304056]
AN202603311820925630	6	4	[12972, 23179, 12972, 23179]
AN202603311820926232	6	6	[278817739.33, 250658260.74, 8733807.25, 33165738.25, 287551546.58, 283823998.99]
AN202603311820926238	5	5	[6822954, 2490172, 1986642, -822739, 10477029]
AN202603311820926691	5	4	[55952639, 85646035, 3980000, 145591164]
AN202603311820926692	4	4	[16701, 2032, 335, 19068]
AN202603311820926853	3	3	[48353, 5956, 54309]
AN202603311820926897	5	2	[682, 41]
AN202603311820926945	5	5	[33115068, 3461879, 2266643, 1397302, 40240892]
AN202603311820927493	8	8	[17590, 15199, 14387, 5844, 28850, -7376, 60827, 13667]
AN202603311820927577	12	1	[237]
AN202603311820928110	4	4	[145, 12731, 184, 13060]
AN202603311820928201	12	12	[436682337.17, 397939483.89, 187862238.82, 183090354.15, 159208344.67, 149795041, 12328337.69, 9930017.86, 30538540.68, 27295175.16, 826619799.03, 768050072.06]
AN202603311820928435	6	2	[3015, 3015]
AN202603311820928567	9	8	[47613, 191023, 3487, 1770, 3935, 1297, 49650, 9975]
AN202603311820928741	6	6	[195817, 246610, -50793, 195817, 246610, -50793]
AN202603311820928899	3	1	[283]
AN202603311820928905	12	9	[93536, 2383, 617, 314, 98048, 4180, 641, 3653, 11171]
AN202603311820928956	6	4	[5960477, 9940976, 6589515, 15230537]
AN202603311820929072	5	5	[16913, 3806, 151012, 49503, 221234]
AN202603311820929116	5	1	[840]
AN202603311820929351	3	3	[3514101, 22515, 3536616]
AN202603311820929501	5	4	[394, 2183, 83, 37]
AN202604011820935556	6	3	[72321, 1693, 74014]
AN202604011820950835	12	12	[36465847, 18668111, 4041701, 1175851, 2677175, 922549, 236101, 203992, 2035342, 408607, 45456166, 21379110]
AN202604021820994007	4	4	[285512780.82, 1518875444.29, 304992098.01, 2109380323.12]
AN202604171821308129	9	5	[1593, 1762, 11208, 3355, 7853]
AN202604221821467690	5	4	[57027, 53943, 335, 120957]
AN202604221821469001	22	22	[1336393762.77, 1021623464.44, 687316044.92, 626436625.84, 72205250.37, 36949286.68, 210484707.52, 40607212.6, 227051362.59, 168478857.96, 1872331.66, 479922.48, 5302495.88, 4768400.2, 9701504.01, 9304906.75, 1378559.34, 828437.34, 9598213.56, 5089681.27, 2561304232.62, 1914566795.56]
AN202604231821510940	6	6	[6248764, 138468013, 8182351, 87185994, 1040095, 241125217]
AN202604241821525418	21	14	[1993958, 556597, 1695070, 1156305, 1365240, 340829, 661097, 366166, 55720, 85797, 110420, 55284, 5881505, 2560978]
AN202604241821544211	6	6	[3063300, 2991131, 72169, 3063300, 2991131, 72169]
AN202604241821557334	5	3	[2533795, 941544, 520066]
AN202604241821571310	6	2	[253705, 328926]
AN202604271821636573	14	14	[31829668346, 18551056405, 197443225, 99266643, 113104504, 63764187, 171459311, 56779791, 4811703, 4108710, 157006575, 110174069, 32473493664, 18885149805]
AN202604281821667528	4	4	[67224, 143372, 62540, 273136]
AN202604281821667986	4	3	[83057, 13943, 19079]
AN202604281821674454	3	3	[347738, 44485, 392223]
AN202604281821686846	9	1	[257]
AN202604281821697089	7	6	[74321, 339807, 360291, 114362, 349914, -532000]
AN202604281821701805	4	4	[302203, 33321, 1721, 337245]
AN202604291821755916	4	4	[87938, 153878, 47065, 288881]
AN202604291821784132	5	5	[390348.31, 80985.88, 511945.25, -29336.78, 953942.66]
AN202604301821868292	6	4	[58662, 130674, 58662, 130674]
AN202604301821869130	6	3	[1767, 2645, 4412]
AN202604301821873304	6	6	[248012, 56975, 954641, 147914, 1202653, 204889]
AN202604301821875736	10	5	[44521, 4451, 117197, 4478, 170647]
AN202604301821878162	4	4	[106, 1518, 11193, 12817]
AN202605051821967163	6	5	[4024, 3250, 7788, 3749, -187]
AN202605121822216651	3	3	[6514, 1381, 7895]
AN202605131822245606	8	3	[10812582, 14245154, 3049555]
AN202605131822257570	6	4	[713474, 402099, 713474, 402099]
AN202605131822280466	6	6	[20461, 13136, 93679, 61400, 114140, 74536]
AN202605181822397618	4	4	[26001, 6226, -152, 32075]
AN202605181822407802	3	1	[60640]
AN202605201822502643	3	1	[419]
AN202605261822892088	7	2	[577, 436]
AN202605271822914453	3	3	[1613224, 803489, 2416713]
AN202605271822920929	10	5	[999163, 1272730, 1737674, 1249654, 5259221]
AN202605281822931817	8	8	[207837, 174548, 1357, 104014, 91650, 37557, 8788, 625751]
AN202605281822950973	8	4	[34819, 53793, 63294, 151906]
AN202605281822951454	8	4	[8374, 13071, 11936, 33381]
AN202605291823027246	5	4	[17551, 20001, 5895, 3447]
AN202606091823400567	4	4	[1138284, 235909, 15026, 1389219]
AN202606121823514542	4	4	[67647, 2702, 34107, 104456]
AN202606121823519684	7	2	[29, 2]
AN202606151823562162	5	5	[8091324, 24832, 3329, 63658, 8183143]
AN202606151823570220	4	1	[310]
AN202606171823642320	5	3	[498, 675, 3]
AN202606181823673259	7	1	[615]
AN202606181823675904	5	1	[699]
AN202606301826610289	5	2	[270, 993]
