infocode	category	pipeline_stage	source_pages	message	local_rows	gt_rows
AN202411071640755422	locate_fail	locate_fail		未定位到目标表	0	20
AN202603231820705254	locate_fail	locate_fail		未定位到目标表	0	7
AN202605121822216651	locate_fail	locate_fail		未定位到目标表	0	3
AN202605131822280466	locate_fail	locate_fail		未定位到目标表	0	3
AN202503021643658606	empty_output	empty_output	28	主表抽取为空	0	4
AN202503101644225910	empty_output	empty_output	16	主表抽取为空	0	6
AN202503141644374731	empty_output	empty_output	6	主表抽取为空	0	7
AN202503181644476934	empty_output	empty_output	119|120	主表抽取为空	0	2
AN202503201645117092	empty_output	empty_output	12	主表抽取为空	0	6
AN202503201645180691	empty_output	empty_output	18	主表抽取为空	0	2
AN202503201645212794	empty_output	empty_output	14	主表抽取为空	0	2
AN202503211645567140	empty_output	empty_output	11	主表抽取为空	0	5
AN202503211645665149	empty_output	empty_output	8	主表抽取为空	0	6
AN202503251647377767	empty_output	empty_output	356|357	主表抽取为空	0	4
AN202503261647818369	empty_output	empty_output	9|10	主表抽取为空	0	5
AN202503261647840410	empty_output	empty_output	7	主表抽取为空	0	4
AN202503261647866868	empty_output	empty_output	23	主表抽取为空	0	4
AN202503261647883993	empty_output	empty_output	7	主表抽取为空	0	3
AN202503261647886182	empty_output	empty_output	31	主表抽取为空	0	4
AN202503271648213513	empty_output	empty_output	12|13|14|21|22|23	主表抽取为空	0	3
AN202503271648245141	empty_output	empty_output	20	主表抽取为空	0	8
AN202503271648248793	empty_output	empty_output	7	主表抽取为空	0	6
AN202503271648276552	empty_output	empty_output	8	主表抽取为空	0	5
AN202503271648322452	empty_output	empty_output	28|29	主表抽取为空	0	3
AN202503281648699728	empty_output	empty_output	23	主表抽取为空	0	3
AN202503281648745653	empty_output	empty_output	5	主表抽取为空	0	4
AN202503281648756664	empty_output	empty_output	20|21	主表抽取为空	0	5
AN202503281648764734	empty_output	empty_output	27	主表抽取为空	0	4
AN202503281648771766	empty_output	empty_output	32|33|34	主表抽取为空	0	3
AN202503281648780930	empty_output	empty_output	417	主表抽取为空	0	4
AN202503281648785274	empty_output	empty_output	12	主表抽取为空	0	4
AN202503281648786825	empty_output	empty_output	19	主表抽取为空	0	5
AN202503281648791628	empty_output	empty_output	8	主表抽取为空	0	6
AN202503281648792585	empty_output	empty_output	2|3	主表抽取为空	0	3
AN202503281648793903	empty_output	empty_output	16	主表抽取为空	0	2
AN202503281648794920	empty_output	empty_output	9	主表抽取为空	0	4
AN202503301649195367	empty_output	empty_output	7|8	主表抽取为空	0	4
AN202503311649680410	empty_output	empty_output	6	主表抽取为空	0	2
AN202503311649696937	empty_output	empty_output	12	主表抽取为空	0	4
AN202503311649701790	empty_output	empty_output	7	主表抽取为空	0	3
AN202503311649708282	empty_output	empty_output	18|19	主表抽取为空	0	3
AN202503311649714750	empty_output	empty_output	42	主表抽取为空	0	7
AN202504031650851715	empty_output	empty_output	26	主表抽取为空	0	4
AN202504101653974053	empty_output	empty_output	14	主表抽取为空	0	4
AN202504111654911397	empty_output	empty_output	134	主表抽取为空	0	5
AN202504161657399539	empty_output	empty_output	124	主表抽取为空	0	2
AN202504171657939004	empty_output	empty_output	33	主表抽取为空	0	3
AN202504251662011192	empty_output	empty_output	11	主表抽取为空	0	3
AN202504251662292186	empty_output	empty_output	20	主表抽取为空	0	9
AN202504281663499941	empty_output	empty_output	121	主表抽取为空	0	5
AN202504281663964624	empty_output	empty_output	32	主表抽取为空	0	6
AN202504291664618798	empty_output	empty_output	23	主表抽取为空	0	6
AN202506201694517460	empty_output	empty_output	6	主表抽取为空	0	8
AN202506201694573015	empty_output	empty_output	13	主表抽取为空	0	4
AN202506251697488456	empty_output	empty_output	7|8|9	主表抽取为空	0	4
AN202506251697535074	empty_output	empty_output	18	主表抽取为空	0	3
AN202506261698028994	empty_output	empty_output	8	主表抽取为空	0	3
AN202506261698143418	empty_output	empty_output	4|5|6	主表抽取为空	0	6
AN202506271698760314	empty_output	empty_output	28	主表抽取为空	0	2
AN202506301700499937	empty_output	empty_output	9	主表抽取为空	0	3
AN202506301700507694	empty_output	empty_output	16|17|18	主表抽取为空	0	2
AN202506301700552418	empty_output	empty_output	22	主表抽取为空	0	4
AN202506301700565530	empty_output	empty_output	26	主表抽取为空	0	2
AN202601291818549232	empty_output	empty_output	18	主表抽取为空	0	2
AN202601301818602002	empty_output	empty_output	7	主表抽取为空	0	3
AN202602241819990967	empty_output	empty_output	25	主表抽取为空	0	5
AN202602251820021564	empty_output	empty_output	7	主表抽取为空	0	12
AN202602251820033194	empty_output	empty_output	6|7	主表抽取为空	0	2
AN202602261820070247	empty_output	empty_output	15	主表抽取为空	0	13
AN202602261820072003	empty_output	empty_output	27|28|29|30	主表抽取为空	0	4
AN202602271820106866	empty_output	empty_output	9|10|11	主表抽取为空	0	2
AN202602271820108309	empty_output	empty_output	17	主表抽取为空	0	3
AN202602271820109493	empty_output	empty_output	9	主表抽取为空	0	3
AN202602271820110092	empty_output	empty_output	24	主表抽取为空	0	5
AN202602271820110734	empty_output	empty_output	21	主表抽取为空	0	3
AN202602271820110838	empty_output	empty_output	24	主表抽取为空	0	5
AN202602271820112752	empty_output	empty_output	27	主表抽取为空	0	5
AN202603011820160854	empty_output	empty_output	17	主表抽取为空	0	7
AN202603041820264743	empty_output	empty_output	10	主表抽取为空	0	4
AN202603051820293798	empty_output	empty_output	15	主表抽取为空	0	6
AN202603051820311800	empty_output	empty_output	15	主表抽取为空	0	4
AN202603061820350863	empty_output	empty_output	25	主表抽取为空	0	4
AN202603101820443403	empty_output	empty_output	30	主表抽取为空	0	4
AN202603101820443458	empty_output	empty_output	16	主表抽取为空	0	6
AN202603111820483806	empty_output	empty_output	25	主表抽取为空	0	4
AN202603121820513984	empty_output	empty_output	18	主表抽取为空	0	9
AN202603121820526849	empty_output	empty_output	35	主表抽取为空	0	4
AN202603121820527555	empty_output	empty_output	5	主表抽取为空	0	2
AN202603131820548233	empty_output	empty_output	9	主表抽取为空	0	5
AN202603161820571772	empty_output	empty_output	18	主表抽取为空	0	2
AN202603161820571785	empty_output	empty_output	8	主表抽取为空	0	4
AN202603161820580333	empty_output	empty_output	24	主表抽取为空	0	4
AN202603161820583758	empty_output	empty_output	7	主表抽取为空	0	5
AN202603181820621582	empty_output	empty_output	2	主表抽取为空	0	3
AN202603181820626164	empty_output	empty_output	11	主表抽取为空	0	8
AN202603181820628612	empty_output	empty_output	6|7|8	主表抽取为空	0	4
AN202603191820633887	empty_output	empty_output	5|6|7|12|13	主表抽取为空	0	6
AN202603191820647907	empty_output	empty_output	6	主表抽取为空	0	7
AN202603191820648246	empty_output	empty_output	11	主表抽取为空	0	3
AN202603191820651281	empty_output	empty_output	11	主表抽取为空	0	4
AN202603201820671610	empty_output	empty_output	12	主表抽取为空	0	5
AN202603201820673571	empty_output	empty_output	8	主表抽取为空	0	7
AN202603201820673814	empty_output	empty_output	12	主表抽取为空	0	5
AN202603201820676676	empty_output	empty_output	7	主表抽取为空	0	4
AN202603201820676705	empty_output	empty_output	11	主表抽取为空	0	4
AN202603231820705549	empty_output	empty_output	21|22	主表抽取为空	0	7
AN202603231820706643	empty_output	empty_output	5	主表抽取为空	0	3
AN202603231820708556	empty_output	empty_output	15|16	主表抽取为空	0	6
AN202603241820716768	empty_output	empty_output	154	主表抽取为空	0	5
AN202603241820720688	empty_output	empty_output	2	主表抽取为空	0	2
AN202603241820720689	empty_output	empty_output	36|37|38|41	主表抽取为空	0	5
AN202603241820721797	empty_output	empty_output	21	主表抽取为空	0	3
AN202603241820722983	empty_output	empty_output	125	主表抽取为空	0	4
AN202603241820724591	empty_output	empty_output	7	主表抽取为空	0	5
AN202603241820726627	empty_output	empty_output	17	主表抽取为空	0	5
AN202603241820729396	empty_output	empty_output	11	主表抽取为空	0	4
AN202603241820729428	empty_output	empty_output	15	主表抽取为空	0	9
AN202603241820729879	empty_output	empty_output	4	主表抽取为空	0	8
AN202603251820742309	empty_output	empty_output	8	主表抽取为空	0	6
AN202603251820742422	empty_output	empty_output	63|64|66|68|70|72|73|78|80	主表抽取为空	0	6
AN202603251820742839	empty_output	empty_output	12|15	主表抽取为空	0	2
AN202603251820743760	empty_output	empty_output	24	主表抽取为空	0	6
AN202603251820746357	empty_output	empty_output	11	主表抽取为空	0	7
AN202603251820747705	empty_output	empty_output	199	主表抽取为空	0	13
AN202603251820752214	empty_output	empty_output	6|7	主表抽取为空	0	2
AN202603251820752593	empty_output	empty_output	22	主表抽取为空	0	3
AN202603251820752802	empty_output	empty_output	32	主表抽取为空	0	4
AN202603261820770711	empty_output	empty_output	27|28	主表抽取为空	0	6
AN202603261820771615	empty_output	empty_output	14	主表抽取为空	0	2
AN202603261820775817	empty_output	empty_output	21	主表抽取为空	0	4
AN202603261820776650	empty_output	empty_output	16|17|18	主表抽取为空	0	10
AN202603261820777408	empty_output	empty_output	25|26	主表抽取为空	0	3
AN202603261820777669	empty_output	empty_output	7	主表抽取为空	0	6
AN202603261820777853	empty_output	empty_output	10	主表抽取为空	0	3
AN202603261820778262	empty_output	empty_output	11	主表抽取为空	0	3
AN202603261820779434	empty_output	empty_output	8|9|10|11|12|13	主表抽取为空	0	10
AN202603261820779658	empty_output	empty_output	18	主表抽取为空	0	4
AN202603271820786040	empty_output	empty_output	37|38	主表抽取为空	0	6
AN202603271820793587	empty_output	empty_output	15	主表抽取为空	0	6
AN202603271820805880	empty_output	empty_output	48|49|50|51	主表抽取为空	0	7
AN202603271820808924	empty_output	empty_output	3	主表抽取为空	0	2
AN202603271820809543	empty_output	empty_output	7	主表抽取为空	0	8
AN202603271820810331	empty_output	empty_output	6	主表抽取为空	0	3
AN202603271820812286	empty_output	empty_output	78	主表抽取为空	0	3
AN202603271820812863	empty_output	empty_output	21|22|23	主表抽取为空	0	5
AN202603271820813096	empty_output	empty_output	501	主表抽取为空	0	4
AN202603271820813211	empty_output	empty_output	6|7	主表抽取为空	0	2
AN202603271820814063	empty_output	empty_output	7	主表抽取为空	0	4
AN202603271820814106	empty_output	empty_output	46|47|48|49|50|51|52	主表抽取为空	0	6
AN202603271820814231	empty_output	empty_output	6	主表抽取为空	0	2
AN202603271820814482	empty_output	empty_output	19|20|23	主表抽取为空	0	3
AN202603271820814769	empty_output	empty_output	7	主表抽取为空	0	7
AN202603271820815867	empty_output	empty_output	163	主表抽取为空	0	3
AN202603271820817497	empty_output	empty_output	259|260	主表抽取为空	0	6
AN202603271820817507	empty_output	empty_output	275	主表抽取为空	0	6
AN202603271820818786	empty_output	empty_output	23	主表抽取为空	0	5
AN202603271820819097	empty_output	empty_output	103	主表抽取为空	0	3
AN202603291820839399	empty_output	empty_output	62	主表抽取为空	0	6
AN202603301820856880	empty_output	empty_output	16|17	主表抽取为空	0	2
AN202603301820868236	empty_output	empty_output	22|23|24|26	主表抽取为空	0	2
AN202603301820868375	empty_output	empty_output	9	主表抽取为空	0	3
AN202603301820869787	empty_output	empty_output	24|25	主表抽取为空	0	3
AN202603301820872426	empty_output	empty_output	13	主表抽取为空	0	2
AN202603301820872797	empty_output	empty_output	15	主表抽取为空	0	6
AN202603301820873270	empty_output	empty_output	19|20	主表抽取为空	0	5
AN202603301820874291	empty_output	empty_output	347|348	主表抽取为空	0	4
AN202603301820874436	empty_output	empty_output	5	主表抽取为空	0	5
AN202603301820874853	empty_output	empty_output	23	主表抽取为空	0	8
AN202603301820876262	empty_output	empty_output	23	主表抽取为空	0	2
AN202603301820876437	empty_output	empty_output	12	主表抽取为空	0	6
AN202603301820879120	empty_output	empty_output	216	主表抽取为空	0	6
AN202603301820880187	empty_output	empty_output	8	主表抽取为空	0	6
AN202603311820889064	empty_output	empty_output	9	主表抽取为空	0	4
AN202603311820921677	empty_output	empty_output	11	主表抽取为空	0	3
AN202603311820923275	empty_output	empty_output	17	主表抽取为空	0	5
AN202603311820923283	empty_output	empty_output	9	主表抽取为空	0	5
AN202603311820923338	empty_output	empty_output	11	主表抽取为空	0	3
AN202603311820925025	empty_output	empty_output	18|19|20|21|22	主表抽取为空	0	5
AN202603311820925407	empty_output	empty_output	11	主表抽取为空	0	4
AN202603311820926232	empty_output	empty_output	34	主表抽取为空	0	3
AN202603311820926238	empty_output	empty_output	34	主表抽取为空	0	5
AN202603311820926691	empty_output	empty_output	5	主表抽取为空	0	5
AN202603311820927264	empty_output	empty_output	174	主表抽取为空	0	3
AN202603311820927493	empty_output	empty_output	27	主表抽取为空	0	4
AN202603311820928144	empty_output	empty_output	14	主表抽取为空	0	9
AN202603311820929072	empty_output	empty_output	23	主表抽取为空	0	5
AN202603311820929351	empty_output	empty_output	25	主表抽取为空	0	3
AN202604011820950835	empty_output	empty_output	9	主表抽取为空	0	6
AN202604231821510940	empty_output	empty_output	275	主表抽取为空	0	6
AN202604231821519463	empty_output	empty_output	15	主表抽取为空	0	4
AN202604291821755916	empty_output	empty_output	13	主表抽取为空	0	4
AN202604301821873304	empty_output	empty_output	16|17|18|19|20|21|22|23|24|25|26|27|28|29	主表抽取为空	0	3
AN202605131822245606	empty_output	empty_output	18	主表抽取为空	0	8
AN202605271822914453	empty_output	empty_output	10	主表抽取为空	0	3
AN202606091823400567	empty_output	empty_output	20	主表抽取为空	0	4
AN202606171823643618	empty_output	empty_output	14	主表抽取为空	0	3
AN202408301639638999	matched_none_success	success	8	5 条	5	5
AN202412301641473695	matched_none_success	success	6	8 条	8	4
AN202501141641925005	matched_none_success	success	10|11|12|13|14|15|16|17	2 条	2	3
AN202502201643297822	matched_none_success	success	21|22	4 条	4	20
AN202502261643524112	matched_none_success	success	2	2 条	2	2
AN202502261643531215	matched_none_success	success	21	2 条	2	4
AN202502271643575865	matched_none_success	success	13	2 条	2	3
AN202503061644104613	matched_none_success	success	181	4 条	4	4
AN202503141644371785	matched_none_success	success	5	2 条	2	2
AN202503191644747183	matched_none_success	success	9	5 条	5	5
AN202503201645124051	matched_none_success	success	10	3 条	3	3
AN202503211645642281	matched_none_success	success	12	10 条	10	3
AN202503211645650057	matched_none_success	success	11|12	4 条	4	5
AN202503241646930284	matched_none_success	success	24	2 条	2	7
AN202503241646941001	matched_none_success	success	8|9|10|11	33 条	33	2
AN202503241646962383	matched_none_success	success	12	8 条	8	9
AN202503241646993382	matched_none_success	success	31|32|33|34|35|36|37|38|39|40|41|42|43|44|45|46|47|48|49|50	2 条	2	3
AN202503251647229111	matched_none_success	success	8	2 条	2	5
AN202503251647420697	matched_none_success	success	22|23|24	2 条	2	6
AN202503261647675945	matched_none_success	success	9|10|11	3 条	3	3
AN202503261647779711	matched_none_success	success	9|10|11|12|13|14|15|16|17|18|19|20|21|22	2 条	2	3
AN202503261647836687	matched_none_success	success	191	4 条	4	5
AN202503261647863408	matched_none_success	success	13|14|15	2 条	2	3
AN202503261647886202	matched_none_success	success	8|9	4 条	4	6
AN202503271648222008	matched_none_success	success	47|48|50|51|53	18 条	18	2
AN202503271648251149	matched_none_success	success	17|26|29	14 条	14	6
AN202503271648256400	matched_none_success	success	225	7 条	7	8
AN202503271648314750	matched_none_success	success	14	3 条	3	3
AN202503271648322410	matched_none_success	success	8|9	3 条	3	3
AN202503271648331759	matched_none_success	success	9	3 条	3	5
AN202503271648331824	matched_none_success	success	29|30|31	3 条	3	5
AN202503271648339142	matched_none_success	success	12	4 条	4	4
AN202503281648582649	matched_none_success	success	24|25|26	9 条	9	3
AN202503281648680965	matched_none_success	success	18|19|20	3 条	3	4
AN202503281648686212	matched_none_success	success	16|17|18|19|20	2 条	2	3
AN202503281648751744	matched_none_success	success	1|2	4 条	4	2
AN202503281648782534	matched_none_success	success	7|8|9|10|11|12	5 条	5	4
AN202503281648791582	matched_none_success	success	165	3 条	3	5
AN202503281648791618	matched_none_success	success	6|8	2 条	2	6
AN202503281648794423	matched_none_success	success	22|24|25|26|27|28|29|30|31|32|33|34|35	20 条	20	5
AN202503301649159292	matched_none_success	success	19|20	20 条	20	5
AN202503301649159316	matched_none_success	success	9|10|11	5 条	5	6
AN202503311649656747	matched_none_success	success	13|14|15|16	30 条	30	5
AN202503311649701820	matched_none_success	success	15|16	6 条	6	5
AN202503311649704869	matched_none_success	success	23|26	7 条	7	8
AN202503311649706029	matched_none_success	success	11|12|13	11 条	11	4
AN202503311649709432	matched_none_success	success	79	3 条	3	3
AN202503311649712229	matched_none_success	success	9|14	18 条	18	8
AN202503311649713838	matched_none_success	success	7	3 条	3	3
AN202504151657004098	matched_none_success	success	9	12 条	12	6
AN202504161657409173	matched_none_success	success	213	2 条	2	5
AN202504231661087475	matched_none_success	success	170	4 条	4	2
AN202504231661105383	matched_none_success	success	79	5 条	5	5
AN202504251662382274	matched_none_success	success	22|23	6 条	6	4
AN202504291664224829	matched_none_success	success	10	10 条	10	5
AN202504291664475654	matched_none_success	success	9	3 条	3	4
AN202504301664954261	matched_none_success	success	18|19|20	5 条	5	7
AN202504301665212280	matched_none_success	success	6|7|8|9|10	16 条	16	5
AN202505151673331862	matched_none_success	success	7	2 条	2	26
AN202505271680196660	matched_none_success	success	7	8 条	8	5
AN202506181692999446	matched_none_success	success	11|12|13	3 条	3	3
AN202506231696331174	matched_none_success	success	124	4 条	4	3
AN202506251697528095	matched_none_success	success	173	8 条	8	6
AN202506261698038053	matched_none_success	success	9	9 条	9	5
AN202506261698055958	matched_none_success	success	22|23|24|25|26	3 条	3	3
AN202506261698078207	matched_none_success	success	14|15	2 条	2	4
AN202506261698131885	matched_none_success	success	11	11 条	11	6
AN202506271698650304	matched_none_success	success	8|9|10	6 条	6	3
AN202506271698684920	matched_none_success	success	6	11 条	11	2
AN202506271698763504	matched_none_success	success	5|6|7|8	2 条	2	5
AN202506271698763546	matched_none_success	success	15	3 条	3	2
AN202506301700514076	matched_none_success	success	26|28|29	2 条	2	3
AN202506301700521669	matched_none_success	success	8|9|10|11|12	4 条	4	2
AN202506301700560652	matched_none_success	success	9	14 条	14	7
AN202507301718407668	matched_none_success	success	127	4 条	4	3
AN202601081816848008	matched_none_success	success	13	3 条	3	5
AN202601251818401646	matched_none_success	success	8|9	3 条	3	3
AN202601301818574359	matched_none_success	success	10|11	11 条	11	4
AN202601301818585656	matched_none_success	success	13|14	14 条	14	3
AN202602091819840147	matched_none_success	success	12	18 条	18	8
AN202602131819921438	matched_none_success	success	9|10|11	7 条	7	5
AN202602201819971787	matched_none_success	success	6|7|8	3 条	3	4
AN202602231819982542	matched_none_success	success	5|6|7|8	3 条	3	3
AN202602241819997373	matched_none_success	success	7|8|9	3 条	3	4
AN202602251820036494	matched_none_success	success	18	4 条	4	5
AN202602251820037720	matched_none_success	success	9	8 条	8	2
AN202602261820064399	matched_none_success	success	10|11	1 条	1	8
AN202602261820067278	matched_none_success	success	31	23 条	23	2
AN202602261820070200	matched_none_success	success	25	4 条	4	2
AN202602261820071002	matched_none_success	success	12	11 条	11	6
AN202602261820071640	matched_none_success	success	6|7	3 条	3	2
AN202602261820072094	matched_none_success	success	13	2 条	2	3
AN202602271820101807	matched_none_success	success	2	2 条	2	2
AN202602271820105223	matched_none_success	success	9|10|11|12	3 条	3	2
AN202602271820105743	matched_none_success	success	16|17	2 条	2	12
AN202602271820107312	matched_none_success	success	9	4 条	4	6
AN202602271820109149	matched_none_success	success	8|9	3 条	3	3
AN202602271820109432	matched_none_success	success	12|13	11 条	11	2
AN202602271820110123	matched_none_success	success	14	2 条	2	3
AN202602271820110209	matched_none_success	success	16	2 条	2	5
AN202602271820110789	matched_none_success	success	9|10	2 条	2	3
AN202602271820112778	matched_none_success	success	25|26	4 条	4	3
AN202602271820112953	matched_none_success	success	11|12|13|14|15	3 条	3	3
AN202603051820305635	matched_none_success	success	22	17 条	17	10
AN202603101820461453	matched_none_success	success	7	5 条	5	6
AN202603131820554527	matched_none_success	success	10|11	2 条	2	3
AN202603151820566061	matched_none_success	success	9|10|11	15 条	15	6
AN202603161820585273	matched_none_success	success	1	2 条	2	6
AN202603161820585797	matched_none_success	success	8|9	6 条	6	5
AN202603171820606183	matched_none_success	success	13	6 条	6	3
AN202603181820621350	matched_none_success	success	132	3 条	3	5
AN202603181820624091	matched_none_success	success	9	5 条	5	5
AN202603181820626109	matched_none_success	success	11	24 条	24	8
AN202603191820645587	matched_none_success	success	10|11	2 条	2	3
AN202603191820653115	matched_none_success	success	10	3 条	3	3
AN202603201820657945	matched_none_success	success	28|29	5 条	5	5
AN202603201820663467	matched_none_success	success	10	2 条	2	3
AN202603201820667606	matched_none_success	success	12	10 条	10	7
AN202603201820673185	matched_none_success	success	11|12|13|14|15|16|17|18	2 条	2	3
AN202603201820673565	matched_none_success	success	8	5 条	5	4
AN202603201820673693	matched_none_success	success	10	10 条	10	3
AN202603201820674845	matched_none_success	success	9	4 条	4	5
AN202603201820676046	matched_none_success	success	36	20 条	20	8
AN202603201820676621	matched_none_success	success	58|59	3 条	3	6
AN202603201820676887	matched_none_success	success	9	1 条	1	4
AN202603201820677012	matched_none_success	success	7	11 条	11	3
AN202603201820677042	matched_none_success	success	132	14 条	14	3
AN202603221820687990	matched_none_success	success	146	12 条	12	13
AN202603231820703513	matched_none_success	success	4|5|6	2 条	2	2
AN202603231820708421	matched_none_success	success	8	7 条	7	2
AN202603241820720677	matched_none_success	success	51|52|53|54|55|56	14 条	14	6
AN202603241820721242	matched_none_success	success	14|15	4 条	4	6
AN202603241820721570	matched_none_success	success	34|35	14 条	14	6
AN202603241820723707	matched_none_success	success	25|30|31	10 条	10	5
AN202603241820724497	matched_none_success	success	7|8	14 条	14	7
AN202603241820728302	matched_none_success	success	7|8|9|10|11|12	10 条	10	4
AN202603241820729268	matched_none_success	success	13|14|15|16|17|19|21	4 条	4	6
AN202603241820729603	matched_none_success	success	10	13 条	13	2
AN202603251820733985	matched_none_success	success	24|25|26	2 条	2	7
AN202603251820734043	matched_none_success	success	13|14|15|17|18|19	5 条	5	7
AN202603251820746324	matched_none_success	success	142|143	1 条	1	7
AN202603251820746405	matched_none_success	success	30	4 条	4	5
AN202603251820746737	matched_none_success	success	8	2 条	2	3
AN202603251820747067	matched_none_success	success	7	5 条	5	9
AN202603251820748152	matched_none_success	success	8|9	3 条	3	9
AN202603251820752545	matched_none_success	success	10	3 条	3	3
AN202603251820752764	matched_none_success	success	10|11|12|13|14|15	4 条	4	2
AN202603251820753178	matched_none_success	success	6	6 条	6	6
AN202603251820753362	matched_none_success	success	45|46|47	2 条	2	7
AN202603261820762401	matched_none_success	success	10	5 条	5	3
AN202603261820766772	matched_none_success	success	33|34|35|36|37	6 条	6	3
AN202603261820767862	matched_none_success	success	12	8 条	8	4
AN202603261820768850	matched_none_success	success	16	11 条	11	8
AN202603261820769042	matched_none_success	success	13|15|16	5 条	5	10
AN202603261820771997	matched_none_success	success	159	8 条	8	8
AN202603261820773241	matched_none_success	success	7	23 条	23	5
AN202603261820775161	matched_none_success	success	30	3 条	3	3
AN202603261820777363	matched_none_success	success	15|22|24	7 条	7	9
AN202603261820777926	matched_none_success	success	292|293|294|295	2 条	2	8
AN202603261820778867	matched_none_success	success	11|12	2 条	2	4
AN202603261820779672	matched_none_success	success	7	2 条	2	6
AN202603261820780122	matched_none_success	success	119	6 条	6	4
AN202603261820780123	matched_none_success	success	28|30|31|32|33	4 条	4	4
AN202603271820786093	matched_none_success	success	15	4 条	4	6
AN202603271820786591	matched_none_success	success	7|8	4 条	4	4
AN202603271820798708	matched_none_success	success	15|16	15 条	15	6
AN202603271820798750	matched_none_success	success	40|41|42|43|44|45	2 条	2	5
AN202603271820798953	matched_none_success	success	7|10	3 条	3	3
AN202603271820799213	matched_none_success	success	8|9|10|11|12|13	6 条	6	7
AN202603271820800409	matched_none_success	success	12	4 条	4	4
AN202603271820801278	matched_none_success	success	8|11	10 条	10	5
AN202603271820802758	matched_none_success	success	286	5 条	5	7
AN202603271820807608	matched_none_success	success	14|15|16|17|18|19	2 条	2	5
AN202603271820810558	matched_none_success	success	7|8	2 条	2	2
AN202603271820810601	matched_none_success	success	8|9	16 条	16	6
AN202603271820811457	matched_none_success	success	44|47|49|51	11 条	11	5
AN202603271820812544	matched_none_success	success	10	5 条	5	4
AN202603271820813084	matched_none_success	success	6|7|8|9|11|12|13|15	2 条	2	7
AN202603271820813464	matched_none_success	success	10	4 条	4	4
AN202603271820813878	matched_none_success	success	8|9|10|11|12|13	4 条	4	3
AN202603271820814076	matched_none_success	success	127	18 条	18	7
AN202603271820814370	matched_none_success	success	16|20|21|29	5 条	5	6
AN202603271820814414	matched_none_success	success	25|26	12 条	12	4
AN202603271820814443	matched_none_success	success	29|30	4 条	4	4
AN202603271820814478	matched_none_success	success	3	5 条	5	5
AN202603271820814589	matched_none_success	success	14|15|16|17	2 条	2	4
AN202603271820815472	matched_none_success	success	22|27|28|29|30|31|32	4 条	4	4
AN202603271820817221	matched_none_success	success	8	4 条	4	2
AN202603271820817267	matched_none_success	success	26	6 条	6	3
AN202603271820817431	matched_none_success	success	16|17|18|19	8 条	8	4
AN202603271820817995	matched_none_success	success	193|194	4 条	4	5
AN202603271820819069	matched_none_success	success	6|7|8|9	2 条	2	6
AN202603271820819102	matched_none_success	success	46	5 条	5	6
AN202603291820839096	matched_none_success	success	44	5 条	5	6
AN202603291820839111	matched_none_success	success	19|20|21	4 条	4	5
AN202603291820839216	matched_none_success	success	7|8|9|10|11|12	5 条	5	4
AN202603301820856767	matched_none_success	success	67|68	5 条	5	3
AN202603301820857002	matched_none_success	success	176	6 条	6	6
AN202603301820860568	matched_none_success	success	37	12 条	12	6
AN202603301820862835	matched_none_success	success	9	4 条	4	3
AN202603301820864505	matched_none_success	success	7	7 条	7	4
AN202603301820876234	matched_none_success	success	121|122	18 条	18	6
AN202603301820876908	matched_none_success	success	16	7 条	7	4
AN202603301820878894	matched_none_success	success	12|13	4 条	4	3
AN202603301820879055	matched_none_success	success	7	5 条	5	5
AN202603301820879733	matched_none_success	success	32|36|37|38|39	4 条	4	5
AN202603301820879859	matched_none_success	success	9|10|11|12|13	3 条	3	4
AN202603301820880201	matched_none_success	success	23|24|25	18 条	18	5
AN202603301820880332	matched_none_success	success	8|9|10|11|12	19 条	19	4
AN202603301820880407	matched_none_success	success	8	3 条	3	4
AN202603301820880809	matched_none_success	success	10|11|12|13	6 条	6	5
AN202603301820880849	matched_none_success	success	9|10	2 条	2	5
AN202603301820881113	matched_none_success	success	26	3 条	3	2
AN202603301820881458	matched_none_success	success	21|22	6 条	6	4
AN202603311820909473	matched_none_success	success	7|8|9	2 条	2	4
AN202603311820915356	matched_none_success	success	24|25|27|28|29	2 条	2	8
AN202603311820915496	matched_none_success	success	6|7|8	8 条	8	8
AN202603311820921035	matched_none_success	success	11|12	3 条	3	5
AN202603311820921374	matched_none_success	success	137	9 条	9	11
AN202603311820922274	matched_none_success	success	10	2 条	2	6
AN202603311820922474	matched_none_success	success	8	4 条	4	6
AN202603311820923233	matched_none_success	success	10	6 条	6	3
AN202603311820923395	matched_none_success	success	27	2 条	2	3
AN202603311820923429	matched_none_success	success	25|26|27|29	4 条	4	6
AN202603311820923622	matched_none_success	success	7|8|9|10|11|12	8 条	8	3
AN202603311820924049	matched_none_success	success	25|26|28|29|32|33	18 条	18	2
AN202603311820924752	matched_none_success	success	10|11|12	4 条	4	4
AN202603311820924933	matched_none_success	success	15	7 条	7	2
AN202603311820925194	matched_none_success	success	11|12	2 条	2	2
AN202603311820925426	matched_none_success	success	17|19|21	5 条	5	6
AN202603311820926538	matched_none_success	success	13	3 条	3	6
AN202603311820926945	matched_none_success	success	2|3	4 条	4	5
AN202603311820928201	matched_none_success	success	28	14 条	14	6
AN202603311820929501	matched_none_success	success	135	3 条	3	5
AN202604021820994007	matched_none_success	success	28	3 条	3	4
AN202604221821467690	matched_none_success	success	19|20	3 条	3	5
AN202604221821469001	matched_none_success	success	2|3|4|5|6|7	2 条	2	11
AN202604241821525418	matched_none_success	success	160	7 条	7	7
AN202604241821557334	matched_none_success	success	6	5 条	5	5
AN202604271821636573	matched_none_success	success	202|203	4 条	4	7
AN202604281821657565	matched_none_success	success	9|10|11|12|13|14|15	3 条	3	3
AN202604281821667528	matched_none_success	success	10|11	10 条	10	4
AN202604281821667986	matched_none_success	success	11|12	23 条	23	4
AN202604281821697089	matched_none_success	success	23	6 条	6	7
AN202604281821701805	matched_none_success	success	22	14 条	14	4
AN202604291821784132	matched_none_success	success	10|11	6 条	6	5
AN202605051821967163	matched_none_success	success	10|11|12	12 条	12	6
AN202605131822257570	matched_none_success	success	6|7	3 条	3	2
AN202605181822397618	matched_none_success	success	4	13 条	13	4
AN202605181822407802	matched_none_success	success	11	6 条	6	3
AN202605281822931817	matched_none_success	success	6	9 条	9	8
AN202606101823428019	matched_none_success	success	9	10 条	10	2
AN202606121823519684	matched_none_success	success	6	4 条	4	7
AN202606171823644523	matched_none_success	success	8	6 条	6	4
AN202606301826596653	matched_none_success	success	9|10	11 条	11	2
