infocode	selected_pages	selected_line_count	reason
AN202411071640755422		0	exception: status=failed msg=No /Root object! - Is this really a PDF? err=No /Root object! - Is this really a PDF?
AN202503021643658606	28	0	empty_output: status=no_data msg=主表抽取为空 err=主表抽取为空
AN202503061644104613	28	0	empty_output: status=no_data msg=主表抽取为空 err=主表抽取为空
AN202503101644225910	16	0	empty_output: status=no_data msg=主表抽取为空 err=主表抽取为空
AN202503141644374731	6	0	empty_output: status=no_data msg=主表抽取为空 err=主表抽取为空
AN202503181644476934	16	0	empty_output: status=no_data msg=主表抽取为空 err=主表抽取为空
AN202503201645117092	12	0	empty_output: status=no_data msg=主表抽取为空 err=主表抽取为空
AN202503211645567140	11	0	empty_output: status=no_data msg=主表抽取为空 err=主表抽取为空
AN202503211645658318	143|144|145|146|147|148	0	empty_output: status=no_data msg=主表抽取为空 err=主表抽取为空
AN202503211645665149	8	0	empty_output: status=no_data msg=主表抽取为空 err=主表抽取为空
AN202503261647779711	35	0	empty_output: status=no_data msg=主表抽取为空 err=主表抽取为空
AN202503261647818369	9|10	0	empty_output: status=no_data msg=主表抽取为空 err=主表抽取为空
AN202503261647840410	7	0	empty_output: status=no_data msg=主表抽取为空 err=主表抽取为空
AN202503261647883993	7	0	empty_output: status=no_data msg=主表抽取为空 err=主表抽取为空
AN202503271648213513	12|13|14|21|22|23	0	empty_output: status=no_data msg=主表抽取为空 err=主表抽取为空
AN202503271648248793	7	0	empty_output: status=no_data msg=主表抽取为空 err=主表抽取为空
AN202503271648276552	8	0	empty_output: status=no_data msg=主表抽取为空 err=主表抽取为空
AN202503271648322452	28|29	0	empty_output: status=no_data msg=主表抽取为空 err=主表抽取为空
AN202503281648686212	3	0	empty_output: status=no_data msg=主表抽取为空 err=主表抽取为空
AN202503281648756664	20|21	0	empty_output: status=no_data msg=主表抽取为空 err=主表抽取为空
AN202503281648771766	32|33|34	0	empty_output: status=no_data msg=主表抽取为空 err=主表抽取为空
AN202503281648777881	39|40|41|42|43|44|45|46|47|48|49	0	empty_output: status=no_data msg=主表抽取为空 err=主表抽取为空
AN202503281648780930	417	0	empty_output: status=no_data msg=主表抽取为空 err=主表抽取为空
AN202503281648785274	12	0	empty_output: status=no_data msg=主表抽取为空 err=主表抽取为空
AN202503281648791628	8	0	empty_output: status=no_data msg=主表抽取为空 err=主表抽取为空
AN202503281648792585	2|3	0	empty_output: status=no_data msg=主表抽取为空 err=主表抽取为空
AN202503281648794920	9	0	empty_output: status=no_data msg=主表抽取为空 err=主表抽取为空
AN202503301649195367	9	0	empty_output: status=no_data msg=主表抽取为空 err=主表抽取为空
AN202503311649696937	158	0	empty_output: status=no_data msg=主表抽取为空 err=主表抽取为空
AN202503311649701790	7	0	empty_output: status=no_data msg=主表抽取为空 err=主表抽取为空
AN202503311649708282	18|19	0	empty_output: status=no_data msg=主表抽取为空 err=主表抽取为空
AN202503311649710926	23|26|28|29|30|31|33	0	empty_output: status=no_data msg=主表抽取为空 err=主表抽取为空
AN202503311649712229	38|39	0	empty_output: status=no_data msg=主表抽取为空 err=主表抽取为空
AN202503311649714750	42	0	empty_output: status=no_data msg=主表抽取为空 err=主表抽取为空
AN202504111654911397	134	0	empty_output: status=no_data msg=主表抽取为空 err=主表抽取为空
AN202504161657399539	122	0	empty_output: status=no_data msg=主表抽取为空 err=主表抽取为空
AN202504161657409173	65	0	empty_output: status=no_data msg=主表抽取为空 err=主表抽取为空
AN202504251662292186	20	0	empty_output: status=no_data msg=主表抽取为空 err=主表抽取为空
AN202504291664585727		0	exception: status=failed msg=day is out of range for month err=day is out of range for month
AN202504291664618798	23	0	empty_output: status=no_data msg=主表抽取为空 err=主表抽取为空
AN202506201694517460	6	0	empty_output: status=no_data msg=主表抽取为空 err=主表抽取为空
AN202506251697488456	7|8|9	0	empty_output: status=no_data msg=主表抽取为空 err=主表抽取为空
AN202506251697535074	18	0	empty_output: status=no_data msg=主表抽取为空 err=主表抽取为空
AN202506261698028994	8	0	empty_output: status=no_data msg=主表抽取为空 err=主表抽取为空
AN202506261698143418	4|5|6	0	empty_output: status=no_data msg=主表抽取为空 err=主表抽取为空
AN202506301700507694	16|17|18	0	empty_output: status=no_data msg=主表抽取为空 err=主表抽取为空
AN202506301700552418	22	0	empty_output: status=no_data msg=主表抽取为空 err=主表抽取为空
AN202601291818549232	18	0	empty_output: status=no_data msg=主表抽取为空 err=主表抽取为空
AN202601301818602002	7	0	empty_output: status=no_data msg=主表抽取为空 err=主表抽取为空
AN202602241819990967	25	0	empty_output: status=no_data msg=主表抽取为空 err=主表抽取为空
AN202602251820033194	6|7	0	empty_output: status=no_data msg=主表抽取为空 err=主表抽取为空
AN202602261820071640	3	0	empty_output: status=no_data msg=主表抽取为空 err=主表抽取为空
AN202602271820106866	9|10|11	0	empty_output: status=no_data msg=主表抽取为空 err=主表抽取为空
AN202602271820109493	9	0	empty_output: status=no_data msg=主表抽取为空 err=主表抽取为空
AN202602271820110838	24	0	empty_output: status=no_data msg=主表抽取为空 err=主表抽取为空
AN202602271820112752	8	0	empty_output: status=no_data msg=主表抽取为空 err=主表抽取为空
AN202603041820264743	10	0	empty_output: status=no_data msg=主表抽取为空 err=主表抽取为空
AN202603051820293798	15	0	empty_output: status=no_data msg=主表抽取为空 err=主表抽取为空
AN202603051820311800	15	0	empty_output: status=no_data msg=主表抽取为空 err=主表抽取为空
AN202603061820350863	25	0	empty_output: status=no_data msg=主表抽取为空 err=主表抽取为空
AN202603101820443403	25	0	empty_output: status=no_data msg=主表抽取为空 err=主表抽取为空
AN202603101820443458	16	0	empty_output: status=no_data msg=主表抽取为空 err=主表抽取为空
AN202603121820513984	18	0	empty_output: status=no_data msg=主表抽取为空 err=主表抽取为空
AN202603121820526849	35	0	empty_output: status=no_data msg=主表抽取为空 err=主表抽取为空
AN202603131820548233	9	0	empty_output: status=no_data msg=主表抽取为空 err=主表抽取为空
AN202603131820555495	15	0	empty_output: status=no_data msg=主表抽取为空 err=主表抽取为空
AN202603161820571772	18	0	empty_output: status=no_data msg=主表抽取为空 err=主表抽取为空
AN202603161820571785	8	0	empty_output: status=no_data msg=主表抽取为空 err=主表抽取为空
AN202603161820580333	24	0	empty_output: status=no_data msg=主表抽取为空 err=主表抽取为空
AN202603161820583758	7	0	empty_output: status=no_data msg=主表抽取为空 err=主表抽取为空
AN202603181820621582	2	0	empty_output: status=no_data msg=主表抽取为空 err=主表抽取为空
AN202603181820628612	6|7|8	0	empty_output: status=no_data msg=主表抽取为空 err=主表抽取为空
AN202603191820633887	5|6|7|12|13	0	empty_output: status=no_data msg=主表抽取为空 err=主表抽取为空
AN202603191820647907	6	0	empty_output: status=no_data msg=主表抽取为空 err=主表抽取为空
AN202603191820651281	2	0	empty_output: status=no_data msg=主表抽取为空 err=主表抽取为空
AN202603201820657945	4|5|6	0	empty_output: status=no_data msg=主表抽取为空 err=主表抽取为空
AN202501141641925005	10|11|12|13|14|15|16|17	0	locate_wrong: matched=0/2 missing=['製造及貿易', '其他建築材料及服務']
AN202502201643297822	21|22	0	locate_wrong: matched=0/9 missing=['Insurance revenue', 'Net expenses from reinsurance contracts held', 'Investment income', 'Realized and unrealized gains(losses)on assets supporting insurance and investment contract liabilities', 'Insurance finance income(expense)and effect of movement in foreign exchange rates']
AN202502211643369388	8|9	0	locate_wrong: matched=0/2 missing=['商品業務', '主要投資及金融服務']
AN202502241643443740	18	0	locate_wrong: matched=0/3 missing=['網絡支援服務及網絡連接服務', '電子商務', '網路遊戲IP授權管理']
AN202502251643483021	18|19|20	0	locate_wrong: matched=0/2 missing=['數據中心及資訊科技設施', '超低電壓及資訊科技系統']
AN202502261643524112	2	0	locate_wrong: matched=0/1 missing=['農產品銷售']
AN202502261643530572	7	0	locate_wrong: matched=0/3 missing=['全科醫療服務', '專科醫療服務', '牙科服務']
AN202502261643531215	21	0	locate_wrong: matched=0/3 missing=['物聯網PaaS', '智慧解決方案', 'SaaS及其他']
AN202502271643556315	47	0	locate_wrong: matched=0/5 missing=['現貨', '股本證券及金融衍生產品', '商品', '數據及連接', '公司項目']
AN202502271643556340	7	0	locate_wrong: matched=0/1 missing=['銷售服裝']
AN202502271643568356	10	0	locate_wrong: matched=0/3 missing=['提供物業管理服務', '物業銷售', '停車位銷售']
AN202502271643575865	13	0	locate_wrong: matched=0/2 missing=['智慧城市解決方案', '可再生能源']
AN202502281643609925	8|9	0	locate_wrong: matched=0/3 missing=['太陽能電業務', '配電系統業務', '美容及保健']
AN202502281643610793	10|11|12	0	locate_wrong: matched=0/2 missing=['製造及銷售冷凍濃縮橙汁及其他相關產品業務', '製造及銷售森美鮮榨橙汁及其他產品業務']
AN202503141644371785	5	0	locate_wrong: matched=0/1 missing=['玩具銷售']
AN202503141644372894	6	0	locate_wrong: matched=0/2 missing=['經營酒店收入', '物業租金收入']
AN202503201645124051	10	0	locate_wrong: matched=0/2 missing=['透過損益按公允值列賬之上市股本投資之股息收入', '債務投資之利息收入']
AN202503201645126807	35|36|37|38|39|40|43|44|46|47	0	locate_wrong: matched=0/4 missing=['娛樂場', '餐飲', '酒店客房', '零售及其他']
AN202503201645173309	26|27|28|29|30|31|32|33	0	locate_wrong: matched=0/4 missing=['公司銀行業務', '個人銀行業務', '資金銀行業務', '其他']
AN202503201645180691	7	0	locate_wrong: matched=0/1 missing=['樓宇提供機械通風及空調系統的供應、安裝及裝修服務']
AN202503201645206022	13|14	0	locate_wrong: matched=0/6 missing=['證券╱期貨經紀服務', '融資服務', '資產管理服務', '保險諮詢服務', '財務顧問服務']
AN202503201645212794	3	0	locate_wrong: matched=0/1 missing=['銷售電子產品(提供獨立設計公司服務)']
AN202503201645227914	39|40|41|42	0	locate_wrong: matched=0/3 missing=['鐵礦業務', '高純鐵業務', '其他']
AN202503211645642281	25	0	locate_wrong: matched=0/2 missing=['廢物環保處理及處置', '污水環保處置、管理服務、公用配套及設施']
AN202503211645650057	11|12	0	locate_wrong: matched=0/4 missing=['證券經紀及資產管理', '提供融資', '買賣證券', '娛樂']
AN202503211645669444	218	0	locate_wrong: matched=0/3 missing=['汽車整車及零部件供應鏈物流服務', '倉儲及多式聯運服務', '所有其他分部']
AN202503231646467174	16|17|18	0	locate_wrong: matched=0/4 missing=['礦產品', '冶煉產品', '貿易', '其他']
AN202503241646930284	24	0	locate_wrong: matched=0/6 missing=['經營駕駛學校之課程收入', '經營電子道路收費設施之顧問費及管理費', '股權工具之股息收入', '其他', '計息工具之利息收入']
AN202503241646941001	8|9|10|11	0	locate_wrong: matched=0/1 missing=['製造及銷售食用膠原蛋白腸衣產品']
AN202503241646982566	10	0	locate_wrong: matched=0/2 missing=['製造及買賣彈性織物面料及蕾絲', '製造及買賣彈性織帶']
AN202503241646982643	172	0	locate_wrong: matched=0/2 missing=['飛機', '西銳服務及其他']
AN202503241646993382	31|32|33|34|35|36|37|38|39|40|41|42|43|44|45|46|47|48|49|50	0	locate_wrong: matched=0/2 missing=['金融交易軟件解決方案', '借貸']
AN202503251647229111	8|9	0	locate_wrong: matched=0/4 missing=['衛生巾產品', '一次性紙尿褲產品', '紙巾產品', '其他']
AN202503251647318305	8|9	0	locate_wrong: matched=0/3 missing=['城市服務', '危險廢物處理', '其他']
AN202503251647377767	22|23|24	0	locate_wrong: matched=0/3 missing=['代理及相關', '專業物流', '電商']
AN202503251647390740	22	0	locate_wrong: matched=0/4 missing=['藥品銷售及特許權使用費收入', '許可費收入', '提供用於研發項目的貨品及消耗品收入', '服務收入']
AN202503251647427385	14|15	0	locate_wrong: matched=0/2 missing=['生產和銷售藥品及醫療器械', '銷售及分銷藥品、保健品及醫療器械']
AN202503261647675909	98|99|100|102|103|104	0	locate_wrong: matched=0/2 missing=['金融業務', '醫療健康業務']
AN202503261647675945	9|10|11	0	locate_wrong: matched=0/2 missing=['銷售商品', '其他']
AN202503261647763989	7|8|9	0	locate_wrong: matched=0/5 missing=['香港電視廣播', 'OTT串流', '電子商貿業務', '中國內地業務', '國際業務']
AN202503261647768272	9|10	0	locate_wrong: matched=0/11 missing=['經紀業務', '企業融資-配售、承銷及分承銷的佣金', '企業融資-顧問及融資諮詢費收益', '資產管理費及表現費收益', '金融產品手續費收益']
AN202503261647787120	82|83	0	locate_wrong: matched=0/7 missing=['公司金融業務', '個人金融業務', '資金業務', '投資銀行業務', '保險業務']
AN202503261647806212	30	0	locate_wrong: matched=0/2 missing=['銷售產品', '提供研發服務']
AN202503261647836687	191	0	locate_wrong: matched=0/4 missing=['人壽及健康保險', '財產保險', '資產管理', '其他及抵銷']
AN202503261647838263	76|77|78|79|80|82|83|84|85|86|87	0	locate_wrong: matched=0/1 missing=['小額貸款業務']
AN202503261647856619	12	0	locate_wrong: matched=0/3 missing=['汽車售後服務', '汽車租賃服務', '汽車供應業務']
AN202503261647863408	13|14|15	0	locate_wrong: matched=0/2 missing=['客戶合約收益', '投資物業經營租賃產生之租金收入總額:固定租賃付款']
AN202503261647863430	5|6|7	0	locate_wrong: matched=0/2 missing=['油田項目工具及服務', '諮詢服務']
AN202503261647866868	12|13	0	locate_wrong: matched=0/3 missing=['財務投資及服務', '經紀及佣金', '企業及其他']
AN202503261647878310	10	0	locate_wrong: matched=0/2 missing=['餐飲服務收入(包括所提供的服務及食物以及飲料)', '線上出售酒類']
AN202503261647886182	11	0	locate_wrong: matched=0/3 missing=['高速公路業務', '建築及其他業務', '租金收入']
AN202503261647886202	8|9	0	locate_wrong: matched=0/5 missing=['金融服務-根據證券及期貨條例牌照進行業務', '信貸及借貸服務根據放債人條例牌照進行業務', '其他金融服務', '物業投資及租賃', '戰術及策略投資']
AN202503271648222008	47|48|50|51|53	0	locate_wrong: matched=0/1 missing=['許可收入']
AN202503271648223142	42|43|44|47|48|49|50|51	0	locate_wrong: matched=0/4 missing=['基建建設服務', '基建設計服務', '疏浚吹填服務', '其他']
AN202503271648245141	8	0	locate_wrong: matched=0/7 missing=['紗線', '坯布', '梭織面料', '針織面料', '貿易']
AN202503271648310114	8|9	0	locate_wrong: matched=0/2 missing=['香港零售', '批發']
AN202503271648314750	33|34|35	0	locate_wrong: matched=0/2 missing=['EPC', '設計、諮詢與技術服務']
AN202503271648321269	9|10|11|12	0	locate_wrong: matched=0/6 missing=['大健康養老業務', '大數據業務', '融資租賃業務', '民用爆炸品業務', '物業投資']
AN202503271648321354	52|53|54|55|56|57|58|59|60|61|62|63	0	locate_wrong: matched=0/4 missing=['公司銀行業務', '零售銀行業務', '資金業務', '其他業務']
AN202503271648323477	20|21	0	locate_wrong: matched=0/2 missing=['數字工業業務', '數字生活業務']
AN202503271648331759	9	0	locate_wrong: matched=0/4 missing=['醫療器械及配件銷售', '服務收入', '其他', '來自其他來源之收入']
AN202503271648331824	29|30|31	0	locate_wrong: matched=0/4 missing=['太陽能發電業務', '風力發電業務', '水力發電業務', '其他']
AN202503271648337735	40|41|42|43|44|45|46	0	locate_wrong: matched=0/2 missing=['化學藥品', '生物藥品']
AN202503271648339142	12	0	locate_wrong: matched=0/3 missing=['自動抄表及其他業務', '智慧製造及工業自動化業務', '風電場運維業務']
AN202503281648582649	24|25|26	0	locate_wrong: matched=0/2 missing=['遊戲分部', 'TapTap平台分部']
AN202503281648680965	18|19|20	0	locate_wrong: matched=0/3 missing=['水泥生產及銷售', '生產及銷售磁性材料及其他應用產品', '貿易業務']
AN202503281648718665	26	0	locate_wrong: matched=0/2 missing=['遊戲業務', '影視業務']
AN202503281648733247	7	0	locate_wrong: matched=0/1 missing=['服裝供應鏈服務業務']
AN202503281648741357	6|7|8	0	locate_wrong: matched=0/1 missing=['製造、銷售及分銷電子元件']
AN202503281648745653	22|23	0	locate_wrong: matched=0/3 missing=['房地產業務', '金融業務', '餐飲業務']
AN202503281648751744	1|2	0	locate_wrong: matched=0/1 missing=['香港投資物業總租金收入']
AN202503281648764716	14	0	locate_wrong: matched=0/3 missing=['供應鏈業務', '物業投資', '酒店管理及餐飲服務']
AN202503281648776031	8	0	locate_wrong: matched=0/3 missing=['大數據產品及方案', '軟件及運營服務', '信創及傳統服務']
AN202503281648777883	14	0	locate_wrong: matched=0/2 missing=['企業級解決方案', '其他']
AN202503281648777940	7|8|9	0	locate_wrong: matched=0/3 missing=['生產及銷售石墨產品', '製造及銷售電子產品', '設計及製造']
AN202503281648781518	8|9	0	locate_wrong: matched=0/3 missing=['製造及銷售染整機械', '製造及銷售不銹鋼鑄造產品', '不銹鋼材貿易']
AN202503281648782496	8|9|10|11	0	locate_wrong: matched=0/2 missing=['汽車', '物業投資']
AN202503281648786825	8	0	locate_wrong: matched=0/4 missing=['裝飾紙', '三聚氰胺浸漬紙', 'PVC地板膜', '其他']
AN202503281648791582	165	0	locate_wrong: matched=0/4 missing=['氣霧劑', '有機矽膠粘劑', '合成膠粘劑', '所有其他分部收益']
AN202503281648791618	27|28|29|30|31|32|33|34	0	locate_wrong: matched=0/5 missing=['無線電信網絡優化服務', '電信網絡基礎設施維護及工程服務', '集成服務', '電信網絡相關軟件開發及相關服務', '軟件銷售']
AN202503281648793204	27|28	0	locate_wrong: matched=0/2 missing=['在線互動娛樂服務', '其他']
AN202503281648793903	10|11	0	locate_wrong: matched=0/1 missing=['銷售貨品']
AN202503281648794423	10|11	0	locate_wrong: matched=0/4 missing=['物業銷售', '酒店服務', '管理諮詢服務', '物業租賃收入']
AN202503281648796250	27|28	0	locate_wrong: matched=0/10 missing=['融資擔保收益', '網上融資擔保收益', '履約擔保收益', '訴訟擔保收益', '減:擔保服務費']
AN202503281648796806	22	0	locate_wrong: matched=0/3 missing=['提供基金管理服務', '提供諮詢服務', '投資物業經營租賃的租金收入']
AN202503301649159292	8|9	0	locate_wrong: matched=0/4 missing=['物業發展', '物業投資', '酒店營運', '所有其他分部']
AN202503301649159316	9|10|11	0	locate_wrong: matched=0/5 missing=['物業發展', '酒店', '物業投資及管理-物業管理費收入', '所有其他分部', '物業投資及管理-租金收入']
AN202503311649656747	13|14|15|16	0	locate_wrong: matched=0/4 missing=['物業開發', '一級土地建設及開發服務', '物業投資', '物業管理及相關服務']
AN202503311649659828	42	0	locate_wrong: matched=0/1 missing=['銷售膠囊']
AN202503311649680410	2	0	locate_wrong: matched=0/1 missing=['銷售手提電腦及平板電腦外殼']
AN202503311649701796	9	0	locate_wrong: matched=0/2 missing=['銷售代理費收入', '數字服務收入']
AN202503311649701856	7	0	locate_wrong: matched=0/2 missing=['食品供應業務', '供應鏈管理業務']
AN202503311649709414	122	0	locate_wrong: matched=0/10 missing=['ODM業務:手機電池', 'ODM業務:平板電池', 'ODM業務:筆記本電池', 'ODM業務:移動電源', 'ODM業務:其他電池']
AN202503311649709432	79	0	locate_wrong: matched=0/2 missing=['戶外及數字廣告收入', '預付卡收入']
AN202503311649711380	9|10	0	locate_wrong: matched=0/2 missing=['IP創造及營運', '新零售']
AN202503311649714706	8	0	locate_wrong: matched=0/3 missing=['大理石石材產品', '碳酸鈣產品', '倉儲物流']
AN202503311649715421	9	0	locate_wrong: matched=0/2 missing=['保健及醫療業務', '美容及健身業務']
AN202503311649721878	9|10|11|13	0	locate_wrong: matched=0/2 missing=['智能車模', '原材料及電子零件']
AN202504031650851715	52	0	locate_wrong: matched=0/3 missing=['汽車診斷分部', '歐洲海外銷售分部', '美國海外銷售分部']
AN202504091653537055	321	0	locate_wrong: matched=0/2 missing=['汽車銷售', '其他銷售']
AN202504101653974053	33|34|35|36	0	locate_wrong: matched=0/3 missing=['物業發展', '項目管理服務', '物業投資及酒店營運']
AN202504161657160609	11	0	locate_wrong: matched=0/4 missing=['甜葡萄酒', '乾葡萄酒', '白蘭地', '其他']
AN202504221660511988	146	0	locate_wrong: matched=0/2 missing=['商業物業管理及運營服務', '住宅物業管理服務']
AN202504231661087475	170	0	locate_wrong: matched=0/1 missing=['銷售原料奶']
AN202504251662011192	23|24|25|26|27|28	0	locate_wrong: matched=0/2 missing=['消費品貿易', '提供物業管理服務']
AN202504251662217869	133	0	locate_wrong: matched=0/3 missing=['混凝土產品銷售-預拌混凝土', '混凝土代理服務收入', '骨料產品及其他(包括黑山皮)銷售']
AN202504281663499941	34|35|36	0	locate_wrong: matched=0/4 missing=['銷售發動機式發電機組', '工程服務', '提供技術服務', '提供分佈式發電方案']
AN202504281663884000	117	0	locate_wrong: matched=0/3 missing=['環境維護業務', '媒體廣告及營銷業務', '貿易業務']
AN202504291664247277	106	0	locate_wrong: matched=0/2 missing=['D2C-通過全渠道銷售產品', 'D2B-數字解決方案服務']
AN202504291664501314	39	0	locate_wrong: matched=0/4 missing=['銷售物業-濱江國際項目的住宅單位', '銷售物業-天璽灣項目的住宅單位', '銷售物業-息縣康橋學苑項目的住宅單位', '銷售物業-武岡康橋學苑項目的住宅單位']
AN202504301664954261	18|19|20	0	locate_wrong: matched=0/6 missing=['交易費及交易系統使用費', '結算及交收費', '聯交所上市費', '存管、託管及代理人服務費', '市場數據費']
AN202504301665212280	6|7|8|9|10	0	locate_wrong: matched=0/4 missing=['棋盤遊戲', '模型戰棋遊戲', '手機遊戲', '其他產品']
AN202505071668995190	7|8	0	locate_wrong: matched=0/1 missing=['電力及保養工程服務']
AN202505151673331862	7	0	locate_wrong: matched=0/12 missing=['中國零售商業-客戶管理', '中國零售商業-直營及其他', '中國批發商業', '國際零售商業', '國際批發商業']
AN202506181692999446	11|12|13	0	locate_wrong: matched=0/2 missing=['接駁產品', '全面建築服務合約']
AN202506181693270248	8	0	locate_wrong: matched=0/1 missing=['物業投資']
AN202506201694573015	8|9	0	locate_wrong: matched=0/3 missing=['水泥銷售', '石灰石骨料銷售', '熟料銷售']
AN202506251697412487	27|28	0	locate_wrong: matched=0/3 missing=['大數據平台和解決方案', '生命科學解決方案', '健康管理平台和解決方案']
AN202506251697479727	18	0	locate_wrong: matched=0/1 missing=['來自上市股本證券股息收入']
AN202506251697528095	173	0	locate_wrong: matched=0/5 missing=['分銷銷售化妝及護膚產品', '提供美容及纖體服務', '銷售保健、美容及相關產品', '證券投資', '放債']
AN202506261698055958	26|30	0	locate_wrong: matched=0/2 missing=['提供物業管理及相關服務', '投資物業租金收入']
AN202506261698078207	9|10	0	locate_wrong: matched=0/3 missing=['高科技產品分銷及服務業務', '租賃業務', '電子支付解決方案']
AN202506261698091325	5	0	locate_wrong: matched=0/1 missing=['土木工程服務']
AN202506271698650304	8|9|10	0	locate_wrong: matched=0/2 missing=['買賣瓷磚及衛浴潔具產品', '物業投資']
AN202506271698684920	6	0	locate_wrong: matched=0/1 missing=['建築合約收益']
AN202506271698760314	14|15|16|18|19	0	locate_wrong: matched=0/1 missing=['茶類產品銷售額']
AN202506271698763468	11	0	locate_wrong: matched=0/4 missing=['燃氣管道', '水務管道', '建材貿易', '建設及工程服務收入']
AN202506271698763504	15|16|17|18	0	locate_wrong: matched=0/4 missing=['銷售旅行團', '銷售自由行產品的差價收入', '銷售旅遊配套相關產品及服務的差價收入', '其他相關配套業務']
AN202506271698763533	8|10|11|12	0	locate_wrong: matched=0/3 missing=['貿易', '餐飲', '其他']
AN202506271698763546	15	0	locate_wrong: matched=0/1 missing=['物業收入']
AN202506291699856152	6	0	locate_wrong: matched=0/1 missing=['黃金開採']
AN202506301700174121	11|12	0	locate_wrong: matched=0/4 missing=['數字資產相關業務', '地基、樓宇建築工程及配套服務', '其他業務', '技術服務']
AN202506301700495433	2	0	locate_wrong: matched=0/1 missing=['提供模板工程服務']
AN202506301700495439	8|9|10|11	0	locate_wrong: matched=0/2 missing=['經營農產品交易市場', '物業銷售']
AN202506301700514076	24|25	0	locate_wrong: matched=0/2 missing=['提供餐飲服務', '銷售蛋糕']
AN202506301700521669	8|9|10|11|12	0	locate_wrong: matched=0/1 missing=['提供地基工程,包括打樁建造、ELS工程、樁帽建造、地盤平整及配套服務']
AN202506301700536588	8	0	locate_wrong: matched=0/2 missing=['銷售生物特徵識別裝置、保安產品及其他配件', '提供配套、網上資訊及數碼營銷服務以及其他服務']
AN202506301700541717	5|6|7	0	locate_wrong: matched=0/1 missing=['模板工程']
AN202506301700558336	10	0	locate_wrong: matched=0/1 missing=['清潔及相關服務']
AN202506301700563587	9|10|11	0	locate_wrong: matched=0/1 missing=['焦炭貿易']
AN202506301700563642	10|11	0	locate_wrong: matched=0/2 missing=['銷售及綜合服務', '一般貿易']
AN202506301700565530	12|13	0	locate_wrong: matched=0/1 missing=['美容產品貿易']
AN202507251715543738	152	0	locate_wrong: matched=0/2 missing=['物業分租及投資業務', '物業發展業務']
AN202507301718407668	127	0	locate_wrong: matched=0/2 missing=['銷售自家品牌及進口品牌', '制造自家品牌']
AN202601081816848008	13	0	locate_wrong: matched=0/4 missing=['UNIQLO(優衣庫)業務', 'GU(極優)業務', '全球品牌業務', '其他']
AN202601231818340370	9|10|11	0	locate_wrong: matched=0/3 missing=['銷售車身及套件', '銷售部件及提供相關服務', '汽車租賃']
AN202601251818401646	8|9	0	locate_wrong: matched=0/2 missing=['物業發展', '健康醫療及休閒']
AN202601291818550461	8	0	locate_wrong: matched=0/2 missing=['環保產品', '自來水廠']
AN202601301818574359	10|11	0	locate_wrong: matched=0/3 missing=['品牌體驗激活', '會議策劃激活', '博物館及主題娛樂']
AN202601301818585656	13|14	0	locate_wrong: matched=0/2 missing=['教育設施租賃服務', '酒店租賃']
AN202602121819895691	10	0	locate_wrong: matched=0/1 missing=['銷售服裝']
AN202602131819921438	9|10|11	0	locate_wrong: matched=0/4 missing=['物流服務', '物業投資', '私人飛機管理服務', '其他']
AN202602201819971787	6|7|8	0	locate_wrong: matched=0/3 missing=['本集團品牌產品', '其他品牌產品', '電腦軟硬件及系統開發服務']
AN202602231819982542	5|6|7|8	0	locate_wrong: matched=0/2 missing=['娛樂及生活時尚業務', '手錶及汽車業務以及其他']
AN202602241819995282	14|15|16	0	locate_wrong: matched=0/2 missing=['服務收入及其他相關服務', '手機及配件銷售']
AN202602241819997368	9	0	locate_wrong: matched=0/5 missing=['自營銷售額', '特許專櫃銷售佣金', '諮詢及管理服務費', '租金總收入', '信貸服務']
AN202602241819997373	7|8|9	0	locate_wrong: matched=0/3 missing=['建築合約-填海及相關工程', '建築合約-樓宇及基礎設施', '海上運輸']
AN202602251820030622	15|16|17	0	locate_wrong: matched=0/2 missing=['數據中心及資訊科技設施', '超低電壓及資訊科技系統']
AN202602251820037179	16|17|18|19|20	0	locate_wrong: matched=0/2 missing=['汽車租賃及通勤巴士業務', '資訊科技業務']
AN202602251820037720	10	0	locate_wrong: matched=0/1 missing=['製造及分銷樽裝、罐裝及桶裝啤酒']
AN202602261820055066	48	0	locate_wrong: matched=0/5 missing=['現貨', '股本證券及金融衍生產品', '商品', '數據及連接', '公司項目']
AN202602261820064399	10|11	0	locate_wrong: matched=0/3 missing=['百度一般性業務', '愛奇藝', '抵銷及調整']
AN202602261820066919	13|14	0	locate_wrong: matched=0/1 missing=['供應鏈服務']
AN202602261820067278	31	0	locate_wrong: matched=0/1 missing=['提供機械鋼筋並接服務']
AN202602261820070200	10	0	locate_wrong: matched=0/1 missing=['製造及銷售印刷品']
AN202602261820071559	9	0	locate_wrong: matched=0/4 missing=['椰子水飲料:椰子水', '椰子水飲料:其他椰子水相關', '其他飲料', '植物基零食']
AN202602261820072094	13	0	locate_wrong: matched=0/2 missing=['智慧城市解決方案', '可再生能源']
AN202602271820101807	2	0	locate_wrong: matched=0/1 missing=['農產品銷售']
AN202602271820103894	7|8	0	locate_wrong: matched=0/2 missing=['物業投資', '研發']
AN202602271820105223	9|10|11|12	0	locate_wrong: matched=0/1 missing=['變性澱粉及其他生化產品']
AN202602271820105743	16|17	0	locate_wrong: matched=0/5 missing=['工程解決方案-運動控制', '其他專業–工程解決方案', '工業計算解決方案', '可再生能源', '其他']
AN202602271820105926	7|8	0	locate_wrong: matched=0/1 missing=['隨時間確認來自提供電機工程服務的合約收益']
AN202602271820107049	9|10	0	locate_wrong: matched=0/3 missing=['銷售網絡、音響及通訊系統', '電商', '網絡、音響及通訊系統綜合服務']
AN202602271820107312	9	0	locate_wrong: matched=0/5 missing=['錄像發行、電影發行及放映、授出及轉授電影版權', '財經印刷服務', '眼鏡產品及鐘錶產品之貿易、批發及零售', '出租投資物業', '其他']
AN202602271820107497	20|21	0	locate_wrong: matched=0/4 missing=['種植業務', '水果分銷業務', '空調分銷業務', '消耗品及其他產品銷售及分銷業務']
AN202602271820108363	8|9	0	locate_wrong: matched=0/3 missing=['太陽能電業務', '配電系統業務', '美容及保健']
AN202602271820108796	7|8	0	locate_wrong: matched=0/3 missing=['提供私人教育服務', '借貸', 'VR及數碼娛樂']
AN202602271820109149	8|9	0	locate_wrong: matched=0/2 missing=['保健及家庭用品業務', '煤礦開採業務']
AN202602271820110092	8	0	locate_wrong: matched=0/4 missing=['全球碳中和', '數字科技', '電池梯次利用', '生態治理及土木工程']
AN202602271820110123	14	0	locate_wrong: matched=0/2 missing=['銷售食品', '餐飲業務']
AN202602271820110209	14	0	locate_wrong: matched=0/4 missing=['數碼視頻業務', '新能源汽車業務', '雲生態大數據業務', '物業投資']
AN202602271820110734	9|10	0	locate_wrong: matched=0/2 missing=['新能源汽車及相關業務', '物業投資']
AN202602271820110789	9|10	0	locate_wrong: matched=0/2 missing=['商品業務', '主要投資及金融服務']
AN202602271820112015	13	0	locate_wrong: matched=0/1 missing=['物業投資']
AN202602271820112778	14|15	0	locate_wrong: matched=0/2 missing=['經營餐廳', '提供餐飲供應']
AN202602271820112953	11|12|13|14|15	0	locate_wrong: matched=0/2 missing=['工業用物業發展', '其他']
AN202603021820192694	8|9|10	0	locate_wrong: matched=0/2 missing=['營銷及諮詢服務', '銷售農產品']
AN202603021820196960	5|6|8	0	locate_wrong: matched=0/5 missing=['儲電業務', 'EPC服務', '光伏膠膜', '汽車玻璃維修及更換服務', '其他']
AN202603051820301561	16	0	locate_wrong: matched=0/2 missing=['商品收入:醫藥和健康產品銷售', '服務收入:平台、廣告及其他服務']
AN202603051820303110	18	0	locate_wrong: matched=0/2 missing=['商品銷售', '交易平台、廣告及其他服務']
AN202603051820307557	83|84|85	0	locate_wrong: matched=0/2 missing=['腫瘤╱免疫業務', '其他業務']
AN202603101820443382	10	0	locate_wrong: matched=0/3 missing=['集裝箱航運及延伸物流收入', '其他集裝箱物流收入', '其他收入']
AN202603111820483806	117|118|119|120|121|122|123|124|125|126|127|128|129|130	0	locate_wrong: matched=0/3 missing=['金融、諮詢及其他業務', '設備運營', '醫院運營']
AN202603111820493081	2	0	locate_wrong: matched=0/2 missing=['銷售運動服裝和鞋類產品', '特許專櫃銷售佣金']
AN202603121820520372	6|7|8|9|10|11	0	locate_wrong: matched=0/3 missing=['訂閱解決方案', '商家解決方案', '其他']
AN202603121820526692	7	0	locate_wrong: matched=0/2 missing=['資產管理分部', '物業分部']
AN202603121820527555	24	0	locate_wrong: matched=0/1 missing=['藥品銷售']
AN202603131820548258	5	0	locate_wrong: matched=0/1 missing=['玩具銷售']
AN202603131820548954	25|26|27	0	locate_wrong: matched=0/4 missing=['錳礦開採', '電解金屬錳及合金材料生產', '電池材料生產', '其他業務']
AN202603131820554527	10|11	0	locate_wrong: matched=0/2 missing=['銷售及分銷IT產品', '維修及服務支援']
AN202603151820566061	35|38|41|43|44	0	locate_wrong: matched=0/5 missing=['生命科學服務及產品', '生物製劑開發服務', '工業合成生物產品', '經營管理分部', '抵銷']
AN202603161820582742	10|11	0	locate_wrong: matched=0/1 missing=['保健業務']
AN202603161820585273	1	0	locate_wrong: matched=0/5 missing=['港島:商業', '港島:住宅', '九龍:商業', '九龍:住宅', '工業']
AN202603161820585797	25|26|27|28|29|30|31|32|33	0	locate_wrong: matched=0/4 missing=['茶葉', '茶食品', '茶具', '所有其他分部']
AN202603181820621195	8	0	locate_wrong: matched=0/1 missing=['碼頭及相關業務']
AN202603181820621350	132	0	locate_wrong: matched=0/4 missing=['固定網絡優先連接', '移動網絡優先連接', '保修與支援服務', '軟件許可']
AN202603181820628506	10	0	locate_wrong: matched=0/4 missing=['廣告收入', '電視製作、節目及服務收入', '發行及訂閱收入', '餐廳營業收益']
AN202603191820641284	14	0	locate_wrong: matched=0/3 missing=['城鎮水務', '水環境綜合治理', '鄉村污水治理']
AN202603191820645587	10|11	0	locate_wrong: matched=0/2 missing=['透過損益按公允值列賬之上市股本投資之股息收入', '債務投資之利息收入']
AN202603191820649442	7|8|9|10	0	locate_wrong: matched=0/5 missing=['專營公共巴士服務車費收入', '非專營運輸服務收入', '特許費收入', '媒體銷售收入', '投資物業租金總收入']
AN202603191820651095	9|10|11|13	0	locate_wrong: matched=0/2 missing=['銷售電子支付終端產品', '提供服務']
AN202603191820652999	13|14	0	locate_wrong: matched=0/6 missing=['保險諮詢服務', '融資服務', '資產管理服務', '證券╱期貨經紀服務', '財務顧問服務']
AN202603191820653115	10	0	locate_wrong: matched=0/2 missing=['證券買賣及經紀以及其他金融服務', '小額信貸及貸款中介相關服務']
AN202603201820657688	11	0	locate_wrong: matched=0/2 missing=['集裝箱航運業務', '碼頭業務']
AN202408301639638999	0	0	extract_issue: matched=4/4 missing=['一級土地建設及開發服務~開發服務', '物業管理及相關服務~相關服務'] wrong_amt=['物業開發.revenue: GT=792314.0 ext=201190.0', '一級土地建設及開發服務.revenue: GT=24612.0 ext=1172.0', '物業投資.revenue: GT=158120.0 ext=91561.0']
AN202412301641473695	0	0	extract_issue: matched=3/3 missing=['擔任以下職務產生的機構融資顧問費收入:財務顧問~財務顧問', '擔任以下職務產生的機構融資顧問費收入:獨立財務顧問~財務顧問'] wrong_amt=['擔任以下職務產生的機構融資顧問費收入:財務顧問.revenue: GT=7246.0 ext=10308.0', '擔任以下職務產生的機構融資顧問費收入:獨立財務顧問.revenue: GT=2581.0 ext=10308.0']
AN202502181643209210	0	0	extract_issue: matched=2/2 missing=[] wrong_amt=['被動消防工程.revenue: GT=183131.0 ext=176812.0', '被動消防資訊服務.revenue: GT=35.0 ext=105.0']
AN202502191643269967	0	0	extract_issue: matched=2/2 missing=[] wrong_amt=['食品.revenue: GT=2211834.0 ext=2232244.0']
AN202502251643491471	0	0	extract_issue: matched=3/3 missing=[] wrong_amt=['酒店款待業務.revenue: GT=9550.0 ext=246994.0', '酒類產品.revenue: GT=3.0 ext=16212.0', '上市證券投資.revenue: GT=4615.0 ext=131845.0']
AN202502261643533155	0	0	extract_issue: matched=2/3 missing=['家具及家居配飾銷售~家具及', '家具及家居配飾租賃~家具及', '項目和酒店服務'] wrong_amt=['家具及家居配飾租賃.revenue: GT=24231.0 ext=128611.0']
AN202502281643591073	0	0	extract_issue: matched=1/5 missing=['資訊科技管理服務', '互聯網接入連接服務', '數據中心經營及保安服務', '出租伺服器機架'] wrong_amt=[]
AN202502281643607993	0	0	extract_issue: matched=5/5 missing=[] wrong_amt=['移動設備及智能充電.revenue: GT=31364.0 ext=32271.0', '電機控制.revenue: GT=28407.0 ext=26612.0', '傳感器及自動控制.revenue: GT=546.0 ext=5110.0']
AN202502281643617359	0	0	extract_issue: matched=3/3 missing=[] wrong_amt=['銀行存款之利息收入.revenue: GT=51.0 ext=239.0', '債券之利息收入.revenue: GT=167.0 ext=46.0', '股息收入.revenue: GT=932.0 ext=473.0']
AN202503031644012038	0	0	extract_issue: matched=1/1 missing=[] wrong_amt=['授權收入.revenue: GT=503992.0 ext=19060.0', '授權收入.gross_profit: GT=503992.0 ext=None']
AN202503061644120996	0	0	extract_issue: matched=3/3 missing=[] wrong_amt=['銷售咖啡、茶及其他相關配套產品及加工服務.revenue: GT=691205.0 ext=697372.0', '銷售急凍食品.revenue: GT=8012.0 ext=11499.0', '提供咖啡機及茶機策劃服務的收入.revenue: GT=21900.0 ext=20059.0']
AN202503071644142025	0	0	extract_issue: matched=1/5 missing=['線上店舖~Online shops 線上店舖', '線下店舖批發', '線下店舖代銷', '線下店舖自營', '代加工'] wrong_amt=[]
AN202503131644327946	0	0	extract_issue: matched=6/6 missing=[] wrong_amt=['來自投資物業的租金收入總額.revenue: GT=13267.0 ext=13365.0', '物業買賣.revenue: GT=88.0 ext=166.0', '酒店.revenue: GT=888.0 ext=977.0']
AN202503131644343550	0	0	extract_issue: matched=3/4 missing=['分銷費開支'] wrong_amt=['管理費.revenue: GT=397352.0 ext=467354.0', '認購費.revenue: GT=57150.0 ext=47502.0']
AN202503141644357580	0	0	extract_issue: matched=2/7 missing=['銷售氧化鋁及鋁土礦~銷售氧化鋁', '銷售箔及其他鋁產品', '銷售其他產品', '提供能源', '提供運輸服務'] wrong_amt=['銷售原鋁及合金.revenue: GT=9726.0 ext=4153.0', '銷售氧化鋁及鋁土礦.revenue: GT=754.0 ext=759.0']
AN202503141644384987	0	0	extract_issue: matched=5/5 missing=['其他業務~其他業務1'] wrong_amt=['複合材料遊艇.revenue: GT=558752.0 ext=491751.0', '專門定製遊艇.revenue: GT=407166.0 ext=440265.0', '超級遊艇.revenue: GT=148646.0 ext=117593.0']
AN202503171644428136	0	0	extract_issue: matched=7/7 missing=['信貸驅動服務-其他服務費~信貸驅動服務', '平台服務-其他服務費~其他服務費'] wrong_amt=['重資本模式下貸款撮合及服務費.revenue: GT=1016514.0 ext=139262.0', '融資收入.revenue: GT=6636511.0 ext=909198.0', '解除擔保負債收入.revenue: GT=3695017.0 ext=506215.0']
AN202503171644460200	0	0	extract_issue: matched=2/2 missing=[] wrong_amt=['銷售醫藥產品.revenue: GT=5887214.0 ext=5936515.0', '推廣收入.revenue: GT=1581776.0 ext=2076770.0']
AN202503181644485114	0	0	extract_issue: matched=2/2 missing=[] wrong_amt=['製造及租賃業務.revenue: GT=553588.0 ext=354983.0', '物流服務.revenue: GT=29216.0 ext=27487.0']
AN202503181644489590	0	0	extract_issue: matched=2/2 missing=[] wrong_amt=['汽車銷售.revenue: GT=14671128.0 ext=8795011.0', '汽車銷售.cost: GT=13200594.0 ext=None', '服務及其他銷售.revenue: GT=1433968.0 ext=1306699.0']
AN202503181644490768	0	0	extract_issue: matched=2/2 missing=[] wrong_amt=['汽車銷售.revenue: GT=14671128.0 ext=28010857.0', '汽車銷售.cost: GT=13200594.0 ext=None', '服務及其他銷售.revenue: GT=1433968.0 ext=2665210.0']
AN202503181644531458	0	0	extract_issue: matched=3/3 missing=[] wrong_amt=['汽車智能視覺.revenue: GT=1023495.0 ext=770973.0', '高端照明.revenue: GT=761471.0 ext=650821.0', '新型顯示.revenue: GT=807098.0 ext=436238.0']
AN202503191644724671	0	0	extract_issue: matched=2/6 missing=['保險~保險服務收入', '科技', '銀行', '其他~其他收入', '抵銷'] wrong_amt=['保險.revenue: GT=33150043.0 ext=31744343.0', '其他.revenue: GT=847931.0 ext=1031730.0']
AN202503191644743275	0	0	extract_issue: matched=3/4 missing=['動力傳動系統(DL)'] wrong_amt=[]
AN202503191644747183	0	0	extract_issue: matched=4/4 missing=[] wrong_amt=['成像一次性產品.revenue: GT=393262.0 ext=285570.0', '呼吸產品.revenue: GT=245538.0 ext=274853.0', '骨科支護復康器具.revenue: GT=50228.0 ext=58704.0']
AN202503201645115363	0	0	extract_issue: matched=4/4 missing=['廣告、加盟及其他服務:加盟服務~加盟服務', '廣告、加盟及其他服務:廣告服務~廣告服務', '廣告、加盟及其他服務:其他~其他'] wrong_amt=['汽車產品和服務.revenue: GT=13801674.0 ext=12646780.0', '廣告、加盟及其他服務:加盟服務.revenue: GT=785869.0 ext=731334.0', '廣告、加盟及其他服務:廣告服務.revenue: GT=88053.0 ext=74672.0']
AN202503201645115409	0	0	extract_issue: matched=3/3 missing=[] wrong_amt=['其他.revenue: GT=5443476.0 ext=2302235.0']
AN202503201645146626	0	0	extract_issue: matched=2/2 missing=[] wrong_amt=['路費收入.revenue: GT=736287.0 ext=629309.0', '建造收入.revenue: GT=143202.0 ext=315468.0']
AN202503201645194536	0	0	extract_issue: matched=4/4 missing=[] wrong_amt=['全日制複習項目.revenue: GT=206761.0 ext=204761.0', '素質教育.revenue: GT=713434.0 ext=139412.0', '輔導項目.revenue: GT=181443.0 ext=144918.0']
AN202503201645229944	0	0	extract_issue: matched=2/2 missing=[] wrong_amt=['銷售貨品.revenue: GT=6779376.0 ext=4182239.0', '運輸服務.revenue: GT=13142.0 ext=8488.0']
AN202503211645582466	0	0	extract_issue: matched=1/2 missing=['汽車銷售'] wrong_amt=['其他銷售.revenue: GT=2227840.0 ext=1975970.0', '其他銷售.cost: GT=2203547.0 ext=None']
AN202503211645591317	0	0	extract_issue: matched=2/2 missing=['商家解決方案~商家解決方案(1)'] wrong_amt=['訂閱解決方案.revenue: GT=918546.0 ext=1349.4', '訂閱解決方案.cost: GT=587892.0 ext=None', '訂閱解決方案.gross_profit: GT=330654.0 ext=None']
AN202503211645637713	0	0	extract_issue: matched=7/8 missing=['戶外媒體'] wrong_amt=['電視廣播.revenue: GT=797635.0 ext=828730.0', '互聯網媒體.revenue: GT=693614.0 ext=690400.0', '移動、視頻及無線增值服務收入.revenue: GT=83656.0 ext=88397.0']
AN202503211645650058	0	0	extract_issue: matched=3/3 missing=[] wrong_amt=['拼搭角色類玩具.revenue: GT=2201104.0 ext=769038.0', '積木玩具.revenue: GT=39432.0 ext=106282.0', '其他.revenue: GT=393.0 ext=1366.0']
AN202503211645656052	0	0	extract_issue: matched=1/1 missing=[] wrong_amt=['銷售工業用產品.revenue: GT=227796.0 ext=235507.0', '銷售工業用產品.cost: GT=166326.0 ext=None', '銷售工業用產品.gross_profit: GT=61470.0 ext=None']
AN202503211645681872	0	0	extract_issue: matched=1/2 missing=['提供服務'] wrong_amt=['銷售原油及天然氣.revenue: GT=897264.0 ext=1034885.0']
AN202503211645681892	0	0	extract_issue: matched=4/4 missing=[] wrong_amt=['墓園服務.revenue: GT=1709205.0 ext=2165253.0', '殯儀服務.revenue: GT=339191.0 ext=397886.0', '其他服務.revenue: GT=37436.0 ext=78542.0']
AN202503211645681938	0	0	extract_issue: matched=1/2 missing=['檢測服務~地基基礎檢測服務', '檢驗服務'] wrong_amt=['檢測服務.revenue: GT=49589.0 ext=27482.0']
AN202503231646477167	0	0	extract_issue: matched=2/5 missing=['建築合約', '污水處理廠之營運', '蒸氣燃料廠之營運'] wrong_amt=['建築材料.revenue: GT=138801.0 ext=-470452.0', '石礦.revenue: GT=17220.0 ext=-153773.0']
AN202503241646962383	0	0	extract_issue: matched=8/8 missing=['工程機械-混凝土機械~混凝土機械', '工程機械-起重機械~起重機械', '工程機械-高空機械~高空機械', '工程機械-土方工程機械~土方工程機械', '工程機械-其他~其他'] wrong_amt=['工程機械-混凝土機械.revenue: GT=8004.0 ext=8571.0', '工程機械-起重機械.revenue: GT=14691.0 ext=19175.0', '工程機械-高空機械.revenue: GT=6830.0 ext=5701.0']
AN202503241646982557	0	0	extract_issue: matched=1/4 missing=['物業管理', '房地產投資', '融資服務', '其他~其他收入'] wrong_amt=['其他.revenue: GT=50569.0 ext=78060.0']
AN202503241646982644	0	0	extract_issue: matched=4/6 missing=['數字資產交易', '數字資產公平值(虧損)╱收益淨額'] wrong_amt=['自動化交易服務的交易費用.revenue: GT=7494.0 ext=9416.0', 'SaaS服務費用及相關收入.revenue: GT=91640.0 ext=17796.0', '託管服務及相關收入.revenue: GT=9560.0 ext=6370.0']
AN202503241646985914	0	0	extract_issue: matched=4/5 missing=['獨家分銷權收入'] wrong_amt=['銷售眼科藥物.revenue: GT=30443.0 ext=4736.0', '銷售眼科產品.revenue: GT=2003.0 ext=8414.0']
AN202503241646985945	0	0	extract_issue: matched=4/4 missing=[] wrong_amt=['銷售電動車充電系統.revenue: GT=64765.0 ext=31402.0', '電動車充電收入.revenue: GT=23881.0 ext=5602.0', '提供安裝服務收入.revenue: GT=60276.0 ext=39145.0']
AN202503241646993367	0	0	extract_issue: matched=6/6 missing=[] wrong_amt=['銷售水泥及相關產品.revenue: GT=7645607.0 ext=8710845.0', '提供建設及安裝服務.revenue: GT=227530.0 ext=14370.0', '銷售膠袋.revenue: GT=68655.0 ext=32474.0']
AN202503251647320091	0	0	extract_issue: matched=4/4 missing=[] wrong_amt=['書籍及包裝印刷.revenue: GT=1490562.0 ext=4836.0', '消費產品包裝.revenue: GT=339014.0 ext=784.0', '瓦通紙箱.revenue: GT=197881.0 ext=53143.0']
AN202503251647320103	0	0	extract_issue: matched=4/4 missing=[] wrong_amt=['運動類.revenue: GT=19799350.0 ext=69.1', '休閒類.revenue: GT=7207239.0 ext=25.1', '內衣類.revenue: GT=1435780.0 ext=5.0']
AN202503251647327496	0	0	extract_issue: matched=3/3 missing=[] wrong_amt=['肉製品.revenue: GT=13655.0 ext=13523.0', '豬肉.revenue: GT=10343.0 ext=10810.0', '其他.revenue: GT=1943.0 ext=1903.0']
AN202503251647385022	0	0	extract_issue: matched=4/5 missing=['珠寶及鐘錶零售~珠寶及', '貴金屬批發~貴金屬', 'LGD買賣~LGD', '其他業務~其他', '對銷內部銷售'] wrong_amt=['其他業務.revenue: GT=17436.0 ext=6537.0']
AN202503251647411107	0	0	extract_issue: matched=5/5 missing=[] wrong_amt=['汽車模具.revenue: GT=182452.0 ext=164911.0', '電器產品模具.revenue: GT=38005.0 ext=38368.0', '其他模具.revenue: GT=2199.0 ext=720.0']
AN202503251647416090	0	0	extract_issue: matched=2/4 missing=['電影、劇集及非劇集製作~電影、劇集及非劇集', '電影、劇集及非劇集投資~電影、劇集及非劇集', '藝人管理服務收入', '活動管理服務收入'] wrong_amt=['電影、劇集及非劇集製作.revenue: GT=5991.0 ext=31839.0', '電影、劇集及非劇集投資.revenue: GT=25848.0 ext=31839.0']
AN202503251647420681	0	0	extract_issue: matched=5/5 missing=[] wrong_amt=['中藥材生產及經營.revenue: GT=1386669.0 ext=1855534.0', '中藥材生產及經營.cost: GT=1232196.0 ext=None', '中藥飲片.revenue: GT=3314794.0 ext=2811368.0']
AN202503251647420697	0	0	extract_issue: matched=2/5 missing=['味精+調味料~+', '變性澱粉+天然澱粉+澱粉糖~+', '特化產品', '肥料與飼料', '其他'] wrong_amt=['味精+調味料.revenue: GT=218194.0 ext=230820.0', '變性澱粉+天然澱粉+澱粉糖.revenue: GT=70368.0 ext=230820.0']
AN202503251647430486	0	0	extract_issue: matched=4/4 missing=[] wrong_amt=['銷售印刷品.revenue: GT=28584.0 ext=25319.0', '銷售織嘜.revenue: GT=13443.0 ext=10739.0', '銷售印嘜.revenue: GT=17763.0 ext=15763.0']
AN202503251647430529	0	0	extract_issue: matched=3/3 missing=[] wrong_amt=['提供氣膜建造服務.revenue: GT=169205.0 ext=60836.0', '提供營運及管理服務及其他體育相關服務.revenue: GT=229.0 ext=522.0', '銷售貨品.revenue: GT=219.0 ext=1030.0']
AN202503251647432337	0	0	extract_issue: matched=3/4 missing=['軟硬件銷售及相關服務一體化的綜合服務'] wrong_amt=['數據解決方案.revenue: GT=147996.0 ext=167015.0', '資訊科技維護及支援服務.revenue: GT=5949.0 ext=17025.0', '商品貿易.revenue: GT=124841.0 ext=39252.0']
AN202503251647436519	0	0	extract_issue: matched=5/5 missing=[] wrong_amt=['薄膜電晶體液晶體顯示(「TFT-LCD」)面板及模組.revenue: GT=40161.0 ext=83992.0', '光學產品.revenue: GT=25594.0 ext=4994.0', '電子廣告板.revenue: GT=12997.0 ext=14029.0']
AN202503251647439401	0	0	extract_issue: matched=4/4 missing=[] wrong_amt=['銷售細胞株及其他產品.revenue: GT=111.0 ext=367.0', '測試服務.revenue: GT=28.0 ext=19.0']
AN202503261647792361	0	0	extract_issue: matched=1/3 missing=['設備回收收入', '設備訂閱服務'] wrong_amt=[]
AN202503261647811219	0	0	extract_issue: matched=3/3 missing=[] wrong_amt=['電動工具.revenue: GT=747638.0 ext=548544.0', 'OPE.revenue: GT=1007478.0 ext=811408.0', '其他.revenue: GT=18657.0 ext=14762.0']
AN202503261647846222	0	0	extract_issue: matched=3/3 missing=[] wrong_amt=['自動駕駛解決方案及產品.revenue: GT=1192578.0 ext=1130440.0', '自動駕駛相關研發服務.revenue: GT=41661.0 ext=63112.0', '銷售PCBA產品.revenue: GT=13482.0 ext=22735.0']
AN202503261647850106	0	0	extract_issue: matched=3/4 missing=['其他'] wrong_amt=['公司銀行業務.revenue: GT=15896683.0 ext=15054440.0', '零售銀行業務.revenue: GT=4608165.0 ext=5412891.0', '金融市場業務.revenue: GT=4903361.0 ext=-4924861.0']
AN202503261647874445	0	0	extract_issue: matched=1/1 missing=['生產中成藥~–生產中成藥'] wrong_amt=['生產中成藥.cost: GT=158871.0 ext=None', '生產中成藥.gross_profit: GT=55197.0 ext=None']
AN202503261647876836	0	0	extract_issue: matched=3/4 missing=['垃圾處置'] wrong_amt=['港口物流服務.revenue: GT=182353.0 ext=208660.0', '新型建材.revenue: GT=102059.0 ext=118151.0', '新能源業務.revenue: GT=289664.0 ext=104693.0']
AN202503261647878341	0	0	extract_issue: matched=2/2 missing=[] wrong_amt=['銷售動力電池.revenue: GT=19550893.0 ext=22249046.0', '銷售儲能系統產品及其他.revenue: GT=8200633.0 ext=4756839.0']
AN202503261647878342	0	0	extract_issue: matched=3/4 missing=['提供服務'] wrong_amt=['光伏組件的製造及買賣.revenue: GT=3527729.0 ext=5779995.0', '半導體的製造及買賣、單晶硅太陽能電池的買賣及其他.revenue: GT=46412.0 ext=42488.0', '光伏電站建設與經營.revenue: GT=129947.0 ext=128667.0']
AN202503261647881588	0	0	extract_issue: matched=6/6 missing=[] wrong_amt=['化學製劑.revenue: GT=6119280577.64 ext=6570639537.54', '化學製劑.cost: GT=1191792820.74 ext=None', '原料藥和中間體.revenue: GT=3254813190.56 ext=3252993304.38']
AN202503261647883989	0	0	extract_issue: matched=3/3 missing=[] wrong_amt=['鉭鈮濕法化合物.revenue: GT=584240.0 ext=523224.0', '鉭鈮金屬及其製品.revenue: GT=841055.0 ext=603963.0', '貿易產品、加工服務及其他.revenue: GT=396754.0 ext=275982.0']
AN202503261647883996	0	0	extract_issue: matched=3/3 missing=[] wrong_amt=['輪式推車.revenue: GT=3671942.0 ext=3873957.0', '輪式推車.gross_profit: GT=1962189.0 ext=None', '汽車座椅.revenue: GT=3873957.0 ext=1188558.0']
AN202503261647884045	0	0	extract_issue: matched=3/3 missing=[] wrong_amt=['供應鏈及集成服務.revenue: GT=25755.0 ext=29089.0', '資產管理及工程服務.revenue: GT=54456.0 ext=50874.0']
AN202503271648210610	0	0	extract_issue: matched=3/3 missing=[] wrong_amt=['銷售藥品.revenue: GT=175100.0 ext=336712.0', '授權費收入.revenue: GT=203986.0 ext=95704.0', '特許權使用費收入.revenue: GT=28119.0 ext=31426.0']
AN202503271648227153	0	0	extract_issue: matched=6/7 missing=['客房收~客房收入', '酒店管理及相關服務'] wrong_amt=['客房收.revenue: GT=1069464.0 ext=1069.5', '餐飲銷售.revenue: GT=767961.0 ext=767.9', '提供配套服務.revenue: GT=106602.0 ext=106.6']
AN202503271648230209	0	0	extract_issue: matched=3/4 missing=['抵銷'] wrong_amt=['傳統型保險.revenue: GT=76249.0 ext=40313.0', '分紅型保險.revenue: GT=48815.0 ext=7168.0', '其他業務.revenue: GT=7866.0 ext=211.0']
AN202503271648251149	0	0	extract_issue: matched=5/5 missing=[] wrong_amt=['饋線系列.revenue: GT=1115011.0 ext=1200305.0', '阻燃軟電纜系列.revenue: GT=1047802.0 ext=970347.0', '光纜系列及相關產品.revenue: GT=212312.0 ext=201769.0']
AN202503271648256400	0	0	extract_issue: matched=6/7 missing=['其他業務'] wrong_amt=['光伏玻璃.cost: GT=14186517014.81 ext=None', '家居玻璃.cost: GT=267232244.36 ext=None', '工程玻璃.cost: GT=465934478.67 ext=None']
AN202503271648260821	0	0	extract_issue: matched=3/3 missing=[] wrong_amt=['委託管理服務.revenue: GT=426497.0 ext=406372.0', '委託管理服務.gross_profit: GT=220151.0 ext=None', '品牌及管理輸出服務.revenue: GT=95713.0 ext=145026.0']
AN202503271648283372	0	0	extract_issue: matched=4/4 missing=[] wrong_amt=['娛樂內容服務.revenue: GT=1932224.0 ext=2303584.0', '在線娛樂票務服務.revenue: GT=1921582.0 ext=2258565.0', '廣告服務及其他.revenue: GT=200843.0 ext=198387.0']
AN202503271648288253	0	0	extract_issue: matched=1/2 missing=['醫院業務'] wrong_amt=['其他業務.revenue: GT=123551.0 ext=4.6', '其他業務.cost: GT=72449.0 ext=None', '其他業務.gross_profit: GT=51102.0 ext=None']
AN202503271648298763	0	0	extract_issue: matched=5/5 missing=[] wrong_amt=['文娛.revenue: GT=116297.0 ext=33457.0', '遊戲.revenue: GT=64714.0 ext=3252.0', '通信.revenue: GT=5183.0 ext=68426.0']
AN202503271648299761	0	0	extract_issue: matched=2/2 missing=[] wrong_amt=['提供物業管理服務.revenue: GT=15363.0 ext=13545.0', '投資物業的租金總額.revenue: GT=30547.0 ext=33234.0']
AN202503271648316210	0	0	extract_issue: matched=2/2 missing=[] wrong_amt=['通行費收入.revenue: GT=69530.0 ext=77918.0', '酒類銷售.revenue: GT=128615.0 ext=329186.0']
AN202503271648319485	0	0	extract_issue: matched=3/4 missing=['服務收入'] wrong_amt=['藥品銷售.revenue: GT=1640138.0 ext=1190426.0', '許可收入.revenue: GT=235446.0 ext=283725.0', '其他.revenue: GT=1814.0 ext=5046.0']
AN202503271648322410	0	0	extract_issue: matched=2/2 missing=[] wrong_amt=['銷售手袋.revenue: GT=109931.0 ext=168285.0', '銷售時尚配飾.revenue: GT=1924.0 ext=4240.0']
AN202503271648323457	0	0	extract_issue: matched=4/4 missing=[] wrong_amt=['數碼廣告(程序化廣告除外).revenue: GT=181646.0 ext=183030.0', '程序化廣告.revenue: GT=17644.0 ext=28504.0', '印刷廣告.revenue: GT=5545.0 ext=6760.0']
AN202503271648324907	0	0	extract_issue: matched=2/2 missing=[] wrong_amt=['製成產品銷售.revenue: GT=59981.0 ext=53779.0']
AN202503271648339141	0	0	extract_issue: matched=3/3 missing=['PVC管材及管件~及管件'] wrong_amt=['家用產品.revenue: GT=77712.0 ext=634.0', 'PVC管材及管件.revenue: GT=239110.0 ext=184.0']
AN202503281648474828	0	0	extract_issue: matched=5/5 missing=['學生個人平板~student tablets 學生個人平板', '數智校園解決方案~and smart classroom solutions 數智校園解決方案', '可穿戴產品~products 可穿戴產品', '廣告及內容授權~Advertisement and content licensing 廣告及內容授權', '其他產品~products 其他產品'] wrong_amt=['學生個人平板.revenue: GT=389332.0 ext=313132.0', '學生個人平板.gross_profit: GT=111697.0 ext=None', '數智校園解決方案.revenue: GT=16763.0 ext=10080.0']
AN202503281648485771	0	0	extract_issue: matched=1/2 missing=['礦產金', '礦產銅精礦~銅'] wrong_amt=['礦產銅精礦.revenue: GT=509700.0 ext=147278.0', '礦產銅精礦.cost: GT=404152.0 ext=None', '礦產銅精礦.gross_profit: GT=105548.0 ext=None']
AN202503281648680164	0	0	extract_issue: matched=1/3 missing=['零售', '批發~朝批集團*實現的批發主營業務收入', '其他'] wrong_amt=['批發.revenue: GT=6063476596.0 ext=6323920.0', '批發.cost: GT=5693477065.0 ext=None']
AN202503281648680230	0	0	extract_issue: matched=3/5 missing=['物業發展', '物業投資', '物業管理~物業管理費收入'] wrong_amt=[]
AN202503281648686173	0	0	extract_issue: matched=3/3 missing=['自製電視劇~來自自製電視劇發行及播映權許可的收益', '買斷電視劇~來自買斷電視劇發行及播映權許可的收益', '其他~來自聯合融資安排項下發行及播映權許可及其他的收益'] wrong_amt=['自製電視劇.revenue: GT=6409.0 ext=69133.0', '自製電視劇.gross_profit: GT=3168.0 ext=None', '買斷電視劇.revenue: GT=5355.0 ext=36100.0']
AN202503281648689179	0	0	extract_issue: matched=5/5 missing=['銷售及分銷氣體燃料及相關產品~相關產品', '設計及建設服務~建設服務'] wrong_amt=[]
AN202503281648691685	0	0	extract_issue: matched=2/2 missing=[] wrong_amt=['生產及銷售鞋類產品.revenue: GT=1499.0 ext=1687.0', '租賃物業.revenue: GT=4368.0 ext=4352.0']
AN202503281648696245	0	0	extract_issue: matched=2/2 missing=[] wrong_amt=['訂閱服務.revenue: GT=1103693.0 ext=868458.0', '增值服務.revenue: GT=1297629.0 ext=1132531.0']
AN202503281648697298	0	0	extract_issue: matched=3/4 missing=['API', 'CDMO服務~CDMO'] wrong_amt=['藥物製劑.revenue: GT=2986129.0 ext=1065692.0', 'CDMO服務.revenue: GT=1033790.0 ext=105716.0', '其他.revenue: GT=173308.0 ext=4157537.0']
AN202503281648699728	0	0	extract_issue: matched=2/2 missing=[] wrong_amt=['提供大數據中心服務.revenue: GT=56009.0 ext=22037.0', '放債業務的利息收入.revenue: GT=2100.0 ext=3150.0']
AN202503281648703371	0	0	extract_issue: matched=3/3 missing=[] wrong_amt=['銷售PHC管樁.revenue: GT=115594.0 ext=120581.0', '銷售商品混凝土.revenue: GT=68877.0 ext=115013.0', '銷售陶粒混凝土板.revenue: GT=861.0 ext=9437.0']
AN202503281648721571	0	0	extract_issue: matched=2/3 missing=['銷售產品'] wrong_amt=['服務收入.revenue: GT=50726.0 ext=50687.0', '品牌使用費收益.revenue: GT=151.0 ext=439.0']
AN202503281648722161	0	0	extract_issue: matched=4/4 missing=[] wrong_amt=['公司銀行業務.revenue: GT=5817544.0 ext=5094.1', '零售銀行業務.revenue: GT=1691640.0 ext=1770.7', '金融市場業務.revenue: GT=1803127.0 ext=1860.1']
AN202503281648724083	0	0	extract_issue: matched=2/2 missing=[] wrong_amt=['影像打印產品.revenue: GT=233698.0 ext=2143720.0', '醫療產品及設備.revenue: GT=2176218.0 ext=2372714.0']
AN202503281648728874	0	0	extract_issue: matched=3/3 missing=[] wrong_amt=['家電銷售.revenue: GT=271790.0 ext=239848.0', '酒類銷售.revenue: GT=102296.0 ext=52380.0', '提供教育服務.revenue: GT=67908.0 ext=27585.0']
AN202503281648732572	0	0	extract_issue: matched=5/5 missing=[] wrong_amt=['銷售汽車零件.revenue: GT=444860.0 ext=445241.0', '銷售液壓設備零件.revenue: GT=485904.0 ext=364444.0', '銷售電子設備零件.revenue: GT=27244.0 ext=36192.0']
AN202503281648739942	0	0	extract_issue: matched=2/3 missing=['汽車配件及車輛'] wrong_amt=[]
AN202503281648750660	0	0	extract_issue: matched=2/2 missing=['角色授權~角色授權業務', '電子商務及其他~電子商務及其他業務'] wrong_amt=['角色授權.revenue: GT=60070.0 ext=68966.0', '電子商務及其他.revenue: GT=68456.0 ext=60576.0']
AN202503281648753251	0	0	extract_issue: matched=3/3 missing=['其他教育服務費~其他教育服務費 (i)'] wrong_amt=['學費.revenue: GT=894298.0 ext=794061.0', '住宿費.revenue: GT=69008.0 ext=64272.0', '其他教育服務費.revenue: GT=17535.0 ext=15012.0']
AN202503281648754681	0	0	extract_issue: matched=5/5 missing=[] wrong_amt=['嬰兒紙尿褲.revenue: GT=175896.0 ext=146978.0', '成人紙尿褲.revenue: GT=115771.0 ext=117457.0', '女性衛生巾.revenue: GT=31724.0 ext=41900.0']
AN202503281648755830	0	0	extract_issue: matched=3/4 missing=['廣告及活動~廣告', '印刷相關物料貿易~印刷', '其他'] wrong_amt=['廣告及活動.revenue: GT=117494.0 ext=4.0', '印刷.revenue: GT=4.0 ext=42451.0']
AN202503281648756723	0	0	extract_issue: matched=6/6 missing=['銷售貨品及設備:貨品~貨品', '銷售貨品及設備:設備~貨品'] wrong_amt=['銷售貨品及設備:貨品.revenue: GT=4450249.0 ext=5164203.0', '銷售貨品及設備:設備.revenue: GT=202133.0 ext=5164203.0', '不可退還的前期初始費用.revenue: GT=107558.0 ext=103558.0']
AN202503281648764734	0	0	extract_issue: matched=1/3 missing=['政府代建', '其他'] wrong_amt=[]
AN202503281648764748	0	0	extract_issue: matched=1/2 missing=['專利權收入'] wrong_amt=['銷售貨品.revenue: GT=107218.0 ext=100758.0']
AN202503281648766923	0	0	extract_issue: matched=1/5 missing=['提供微創手術解決方案及醫療產品及相關服務費用', '提供勞務派遣及配套服務', '提供資訊科技服務', '提供建造配套服務'] wrong_amt=['提供宿舍服務產生的租金收入.revenue: GT=8419.0 ext=8615.0']
AN202503281648782534	0	0	extract_issue: matched=2/3 missing=['蜂窩式脫硝催化劑'] wrong_amt=['平板式脫硝催化劑.revenue: GT=53493.0 ext=58528.0', '車用脫硝催化劑.revenue: GT=5676.0 ext=46721.0']
AN202503281648785352	0	0	extract_issue: matched=1/4 missing=['物業銷售及建築管理服務~物業銷售', '物業管理及其他相關服務', '酒店及相關服務', '租金收入'] wrong_amt=['物業銷售及建築管理服務.revenue: GT=14104591.0 ext=23800179.0']
AN202503281648786786	0	0	extract_issue: matched=1/2 missing=['商品銷售'] wrong_amt=['提供清潔服務.revenue: GT=74611.0 ext=66454.0']
AN202503281648788230	0	0	extract_issue: matched=2/2 missing=[] wrong_amt=['精密機加工.revenue: GT=17077.0 ext=15545.0', '精密焊接.revenue: GT=20645.0 ext=23224.0']
AN202503281648788835	0	0	extract_issue: matched=3/4 missing=['其他'] wrong_amt=['貨運服務收入.revenue: GT=7174460.0 ext=34.9', '貨運平台服務收入.revenue: GT=344716.0 ext=23.59', '銷售商品.revenue: GT=635.0 ext=-79.65']
AN202503281648792633	0	0	extract_issue: matched=3/3 missing=[] wrong_amt=['銷售釹鐵硼磁體材料.revenue: GT=5906000.0 ext=5764615.0', '銷售輔料及其他.revenue: GT=856684.0 ext=922366.0', '租賃收入.revenue: GT=605.0 ext=883.0']
AN202503281648793201	0	0	extract_issue: matched=6/6 missing=['塗布白面牛卡紙~白面牛卡紙'] wrong_amt=['塗布白面牛卡紙.revenue: GT=1876840.0 ext=1525512.0']
AN202503281648793951	0	0	extract_issue: matched=3/5 missing=['工業製造', '其他業務'] wrong_amt=['勘測設計及諮詢.revenue: GT=20455154.0 ext=347025639.0', '工程建設.revenue: GT=347025639.0 ext=30322002.0']
AN202503281648794424	0	0	extract_issue: matched=4/4 missing=[] wrong_amt=['酒店營運及配套業務.revenue: GT=43580.0 ext=197529.0', '物業投資、管理及經紀服務.revenue: GT=31154.0 ext=776548.0', '提供融資服務.revenue: GT=9401.0 ext=229204.0']
AN202503281648796841	0	0	extract_issue: matched=4/4 missing=[] wrong_amt=['提供醫學實驗室檢測服務及健康檢查服務.revenue: GT=39158.0 ext=192910.0', '銷售及分銷保健相關及醫藥產品.revenue: GT=686.0 ext=881.0', '提供保險經紀服務.revenue: GT=30600.0 ext=18163.0']
AN202503281648797645	0	0	extract_issue: matched=7/7 missing=[] wrong_amt=['提供課外課程.revenue: GT=39495.0 ext=29011.0', '提供師資培訓.revenue: GT=53.0 ext=541.0', '提供海外教育諮詢服務.revenue: GT=44906.0 ext=16144.0']
AN202503301649159263	0	0	extract_issue: matched=4/4 missing=[] wrong_amt=['出售物業.revenue: GT=245719.0 ext=391251.0', '提供科技建築服務.revenue: GT=3432.0 ext=5391.0', '租金收入.revenue: GT=1051.0 ext=1077.0']
AN202503301649166488	0	0	extract_issue: matched=5/5 missing=['心血管系統藥物~系統藥物', '消化與代謝藥物~代謝藥物', '中樞神經系統藥物~系統藥物'] wrong_amt=['腫瘤藥物.revenue: GT=2084631.0 ext=1766617.0', '消化與代謝藥物.revenue: GT=388874.0 ext=382647.0', '中樞神經系統藥物.revenue: GT=1613257.0 ext=1660005.0']
AN202503311649601976	0	0	extract_issue: matched=1/1 missing=[] wrong_amt=['醫療診斷服務.revenue: GT=2914113.0 ext=3297828.0', '醫療診斷服務.cost: GT=1815464.0 ext=None', '醫療診斷服務.gross_profit: GT=1098649.0 ext=None']
AN202503311649636693	0	0	extract_issue: matched=2/3 missing=['技術許可費'] wrong_amt=['分子許可費.revenue: GT=29759.0 ext=85572.0', '研究服務費.revenue: GT=6951.0 ext=860.0']
AN202503311649669087	0	0	extract_issue: matched=7/7 missing=['市政公用工程-交通設施工程施工~市政公用工程', '市政公用工程-道路工程施工~市政公用工程', '地基基礎工程-地基基礎工程施工~地基基礎工程', '地基基礎工程-土方工程~地基基礎工程', '其他~其他(1)'] wrong_amt=['市政公用工程-交通設施工程施工.revenue: GT=21160.0 ext=70692.0', '市政公用工程-道路工程施工.revenue: GT=49532.0 ext=70692.0', '地基基礎工程-地基基礎工程施工.revenue: GT=96326.0 ext=100097.0']
AN202503311649670387	0	0	extract_issue: matched=4/4 missing=[] wrong_amt=['功能鏡片.revenue: GT=755154.0 ext=570541.0', '標準鏡片.revenue: GT=906853.0 ext=833404.0', '定製鏡片.revenue: GT=395281.0 ext=353522.0']
AN202503311649680369	0	0	extract_issue: matched=2/2 missing=[] wrong_amt=['物業投資業務.revenue: GT=33354.0 ext=13768.0', '物業管理業務.revenue: GT=15078.0 ext=1130.0']
AN202503311649684320	0	0	extract_issue: matched=2/2 missing=[] wrong_amt=['生產及銷售木製品.revenue: GT=407382.0 ext=99.5', '生產及銷售再生能源產品.revenue: GT=2238.0 ext=0.5']
AN202503311649686045	0	0	extract_issue: matched=1/2 missing=['提供服務'] wrong_amt=['銷售貨品.revenue: GT=263811.0 ext=318590.0']
AN202503311649694229	0	0	extract_issue: matched=1/4 missing=['來自特許專櫃銷售之收入', '服務收入', '租賃收入'] wrong_amt=['貨品銷售-自營銷售.revenue: GT=507233.0 ext=523341.0']
AN202503311649701776	0	0	extract_issue: matched=1/2 missing=['物業銷售'] wrong_amt=['物業租金總額.revenue: GT=5336.0 ext=4526.0']
AN202503311649701820	0	0	extract_issue: matched=4/4 missing=['新興產業裝備~產業裝備'] wrong_amt=['礦山裝備.revenue: GT=10897529.0 ext=7121527.0', '物流裝備.revenue: GT=7255592.0 ext=1572731.0', '油氣裝備.revenue: GT=1867214.0 ext=1744263.0']
AN202503311649704869	0	0	extract_issue: matched=2/7 missing=['商業運營管理', '寫字樓及產業園運營管理', '電商直播服務', '其他來源收益', '家居裝潢、家居裝飾及裝修服務'] wrong_amt=['物業管理服務及其他增值服務.revenue: GT=272154.0 ext=217055.0', '出售車位.revenue: GT=14975.0 ext=3133.0']
AN202503311649706029	0	0	extract_issue: matched=1/3 missing=['酒類收入', '電器及消費電子產品收入', '其他商品收入~其他'] wrong_amt=['其他商品收入.revenue: GT=3027.0 ext=61296.0']
AN202503311649708733	0	0	extract_issue: matched=5/5 missing=[] wrong_amt=['模具鋼.revenue: GT=2273870.0 ext=2345986.0', '高速鋼.revenue: GT=821478.0 ext=815904.0', '切削工具.revenue: GT=879342.0 ext=905754.0']
AN202503311649709424	0	0	extract_issue: matched=2/2 missing=['物業租賃~物業租賃 (i)'] wrong_amt=['物業管理服務收入及其他.revenue: GT=4055.0 ext=3632.0', '物業租賃.revenue: GT=64759.0 ext=64975.0']
AN202503311649710881	0	0	extract_issue: matched=3/3 missing=[] wrong_amt=['鍵合線.revenue: GT=109424.0 ext=99747.0', '封裝膠.revenue: GT=76806.0 ext=105986.0', '其他.revenue: GT=8638.0 ext=6856.0']
AN202503311649713838	0	0	extract_issue: matched=2/2 missing=['放債~來自放債的利息收入', '電子零部件~銷售電子零部件'] wrong_amt=['放債.revenue: GT=28140.0 ext=32641.0', '電子零部件.revenue: GT=10443.0 ext=13099.0']
AN202503311649714663	0	0	extract_issue: matched=1/1 missing=[] wrong_amt=['建築服務收益.revenue: GT=13524.0 ext=78724.0', '建築服務收益.cost: GT=12235.0 ext=None', '建築服務收益.gross_profit: GT=1289.0 ext=None']
AN202503311649717168	0	0	extract_issue: matched=1/2 missing=['其他'] wrong_amt=['設計及裝修.revenue: GT=61349.0 ext=62213.0']
AN202503311649718761	0	0	extract_issue: matched=3/3 missing=[] wrong_amt=['中藥保健品.revenue: GT=112832.0 ext=129523.0', '放債業務.revenue: GT=1131.0 ext=10656.0', '投資金融工具.revenue: GT=-388.0 ext=6138.0']
AN202503311649720334	0	0	extract_issue: matched=2/2 missing=[] wrong_amt=['地基及相關工程.revenue: GT=96410.0 ext=95327.0', '銷售酒精飲料.revenue: GT=2561.0 ext=1823.0']
AN202503311649720355	0	0	extract_issue: matched=4/4 missing=[] wrong_amt=['通過在線旅遊平台銷售在線電子導覽.revenue: GT=485922.0 ext=579235.0', '通過驢跡APP銷售在線電子導覽.revenue: GT=260.0 ext=379.0', '銷售定製內容.revenue: GT=680.0 ext=5781.0']
AN202503311649721934	0	0	extract_issue: matched=5/5 missing=[] wrong_amt=['新能源及EPC.revenue: GT=4127452.0 ext=2119585.0', '綠色建築及建築相關業務.revenue: GT=908398.0 ext=1349387.0', '智慧能源管理服務.revenue: GT=65863.0 ext=16055.0']
AN202504111654944451	0	0	extract_issue: matched=3/3 missing=[] wrong_amt=['銷售貿易貨品.revenue: GT=2946782.0 ext=2898390.0', '銷售製成品.revenue: GT=9644.0 ext=10623.0', '提供售後服務.revenue: GT=205989.0 ext=179374.0']
AN202504151657004098	0	0	extract_issue: matched=5/5 missing=[] wrong_amt=['光纖倒像器.revenue: GT=7014.0 ext=17464.0', '光纖直板.revenue: GT=198.0 ext=363.0', '光纖面板.revenue: GT=942.0 ext=939.0']
AN202504171657939004	0	0	extract_issue: matched=2/2 missing=[] wrong_amt=['電熱家用電器銷售.revenue: GT=703058.0 ext=695388.0', '模具銷售.revenue: GT=535.0 ext=9029.0']
AN202504231661105383	0	0	extract_issue: matched=1/4 missing=['住宅', '商業及工業用地', '機構組織'] wrong_amt=[]
AN202504241661644123	0	0	extract_issue: matched=3/3 missing=['加工版塊:金屬材料加工~加工', '加工版塊:零部件製造~加工', '製造版塊:高端設備製造~製造'] wrong_amt=['加工版塊:金屬材料加工.revenue: GT=43686749.0 ext=44997705.0', '加工版塊:零部件製造.revenue: GT=1310956.0 ext=44997705.0']
AN202504251662382274	0	0	extract_issue: matched=3/3 missing=[] wrong_amt=['學費.revenue: GT=297550.0 ext=293059.0', '住宿費.revenue: GT=33647.0 ext=32785.0', '其他.revenue: GT=5523.0 ext=6216.0']
AN202504281663964624	0	0	extract_issue: matched=1/5 missing=['多晶硅及相關產品', '風能、光伏電站建設', '風能、光伏電站運營', '電氣設備'] wrong_amt=['其他.revenue: GT=133417851.24 ext=0.95', '其他.cost: GT=104752603.94 ext=None']
AN202504281663979199	0	0	extract_issue: matched=3/3 missing=['學費~學費(i)', '寄宿費~寄宿費(i)', '其他教育服務費~其他教育服務費(ii)'] wrong_amt=['學費.revenue: GT=645901.0 ext=587932.0', '寄宿費.revenue: GT=55707.0 ext=52179.0']
AN202504291664224829	0	0	extract_issue: matched=4/4 missing=[] wrong_amt=['物業管理服務.revenue: GT=841828.0 ext=701890.0', '物業管理服務.gross_profit: GT=116042.0 ext=None', '物業工程及園林建設服務.revenue: GT=35007.0 ext=42643.0']
AN202504291664272590	0	0	extract_issue: matched=4/4 missing=['提供住宿服務~Rendering of accommodation services 提供住宿服務', '提供餐飲服務~Rendering of catering services 提供餐飲服務', '提供旅行社服務~Rendering of travel agency services 提供旅行社服務', '提供洗衣服務~Rendering of laundry services 提供洗衣服務'] wrong_amt=['提供住宿服務.revenue: GT=276013.0 ext=252549.0', '提供餐飲服務.revenue: GT=39573.0 ext=36307.0', '提供旅行社服務.revenue: GT=6793.0 ext=3441.0']
AN202504291664475654	0	0	extract_issue: matched=1/3 missing=['鞋履、服裝及其他', '彈性織帶~Elastic webbings 彈性織帶', '數字營銷服務'] wrong_amt=['彈性織帶.revenue: GT=35577.0 ext=25.1', '彈性織帶.cost: GT=35001.0 ext=None', '彈性織帶.gross_profit: GT=576.0 ext=None']
AN202504301665132473	0	0	extract_issue: matched=4/4 missing=['公司餐廳收入~公司餐廳收入 $'] wrong_amt=['公司餐廳收入.revenue: GT=2801.0 ext=2794.0', '加盟費收入.revenue: GT=27.0 ext=25.0', '與加盟店往來交易的收入.revenue: GT=121.0 ext=107.0']
AN202505201675768198	0	0	extract_issue: matched=5/5 missing=[] wrong_amt=['住宿預訂.revenue: GT=5541.0 ext=764.0', '交通票務.revenue: GT=5418.0 ext=747.0', '旅遊度假.revenue: GT=947.0 ext=131.0']
AN202505231677875228	0	0	extract_issue: matched=3/4 missing=['雜項及營銷周邊產品'] wrong_amt=['上市相關文件.revenue: GT=2142.0 ext=8150.0', '定期報告文件.revenue: GT=1834.0 ext=3244.0', '合規文件.revenue: GT=4276.0 ext=3358.0']
AN202505261679608726	0	0	extract_issue: matched=5/5 missing=[] wrong_amt=['日式彈珠機及日式角子機遊戲館業務的收益.revenue: GT=24725.0 ext=23944.0', '遊樂場業務的收益.revenue: GT=1648.0 ext=1687.0', '自動販賣機收入.revenue: GT=552.0 ext=453.0']
AN202505271680079861	0	0	extract_issue: matched=3/3 missing=[] wrong_amt=['線上營銷服務.revenue: GT=17977.0 ext=16650.0', '直播.revenue: GT=9814.0 ext=8575.0', '其他服務.revenue: GT=4817.0 ext=4183.0']
AN202505271680196660	0	0	extract_issue: matched=3/4 missing=['典當貸款業務之收益-按實際利率法計算之應收典當貸款之利息收入~按實際利率法計算之應收典當貸款之利息收入', '典當貸款業務之收益-按公平值計入損益之應收典當貸款之利息收入~按公平值計入損益之應收典當貸款之利息收入', '典當貸款業務之收益-出售經收回資產之收益~出售經收回資產之收益', '按揭抵押貸款業務之收益-按實際利率法計算之應收按揭抵押貸款之利息收入'] wrong_amt=['典當貸款業務之收益-按實際利率法計算之應收典當貸款之利息收入.revenue: GT=8496.0 ext=9477.0', '典當貸款業務之收益-按公平值計入損益之應收典當貸款之利息收入.revenue: GT=67686.0 ext=63367.0', '典當貸款業務之收益-出售經收回資產之收益.revenue: GT=11141.0 ext=6715.0']
AN202505281680724871	0	0	extract_issue: matched=1/1 missing=['銷售貨品~-銷售貨品'] wrong_amt=['銷售貨品.cost: GT=255912.0 ext=None', '銷售貨品.gross_profit: GT=153394.0 ext=None']
AN202505301681833866	0	0	extract_issue: matched=2/2 missing=[] wrong_amt=['建築服務.revenue: GT=31678591.0 ext=23344088.0', '物業投資.revenue: GT=277528.0 ext=281500.0']
AN202505301681988763	0	0	extract_issue: matched=1/7 missing=['會計及稅務服務', '業務諮詢服務', '環境、社會及管治顧問服務', '風險管理及內部監控顧問服務', '公司秘書服務'] wrong_amt=['企業融資顧問服務.revenue: GT=6280.0 ext=3839.0']
AN202506131690231222	0	0	extract_issue: matched=1/1 missing=[] wrong_amt=['非專利藥.cost: GT=883958.0 ext=None', '非專利藥.gross_profit: GT=692939.0 ext=None']
AN202506181693256599	0	0	extract_issue: matched=5/5 missing=[] wrong_amt=['以公平值計入損益賬之股本投資之股息收入.revenue: GT=422.0 ext=265.0', '按攤銷成本計量之債務投資之利息收入.revenue: GT=5372.0 ext=3702.0', '其他應收款項之利息收入.revenue: GT=742.0 ext=1349.0']
AN202506191693952841	0	0	extract_issue: matched=1/2 missing=['專業服務'] wrong_amt=[]
AN202506201694549692	0	0	extract_issue: matched=5/5 missing=[] wrong_amt=['綜合LED照明解決方案服務.revenue: GT=8552.0 ext=28818.0', '銷售LED照明裝置.revenue: GT=53216.0 ext=49501.0', '銷售影音系統.revenue: GT=378.0 ext=601.0']
AN202506201694573017	0	0	extract_issue: matched=3/3 missing=[] wrong_amt=['銷售柴油.revenue: GT=369329.0 ext=510957.0', '銷售汽油.revenue: GT=99017.0 ext=123339.0', '銷售其他.revenue: GT=21101.0 ext=30405.0']
AN202506231696331174	0	0	extract_issue: matched=1/2 missing=['機械租金收入'] wrong_amt=[]
AN202506231696331212	0	0	extract_issue: matched=5/5 missing=[] wrong_amt=['街道清潔解決方案.revenue: GT=525671.0 ext=830736.0', '樓宇清潔解決方案.revenue: GT=79952.0 ext=88749.0', '巴士及渡輪清潔解決方案.revenue: GT=18541.0 ext=22236.0']
AN202506241696871493	0	0	extract_issue: matched=4/4 missing=[] wrong_amt=['提供資訊科技基礎設施解決方案.revenue: GT=585899.0 ext=649312.0', '提供資訊科技基礎設施管理服務.revenue: GT=314474.0 ext=341516.0', '開發及提供人工智能產品及人工智能解決方案.revenue: GT=320.0 ext=105.0']
AN202506251697503430	0	0	extract_issue: matched=4/4 missing=[] wrong_amt=['療程服務.revenue: GT=350318.0 ext=374538.0', '護膚產品.revenue: GT=52804.0 ext=119641.0', '醫療諮詢服務.revenue: GT=3.0 ext=9.0']
AN202506261698038053	0	0	extract_issue: matched=4/4 missing=[] wrong_amt=['樓宇建築合約工程.revenue: GT=7639346.0 ext=5406064.0', '修建工程之合約工程.revenue: GT=156817.0 ext=39520.0', '銷售預製建築組件.revenue: GT=134770.0 ext=65953.0']
AN202506261698057054	0	0	extract_issue: matched=5/5 missing=[] wrong_amt=['交通關鍵系統解決方案.revenue: GT=18291.0 ext=10514.0', '流動票務及數碼支付解決方案及服務.revenue: GT=44436.0 ext=54662.0', '機電技術解決方案及工程服務.revenue: GT=100856.0 ext=102750.0']
AN202506261698070640	0	0	extract_issue: matched=4/4 missing=[] wrong_amt=['銷售柴油.revenue: GT=1468987.0 ext=1511507.0', '提供車隊咭服務.revenue: GT=30985.0 ext=33475.0', '銷售潤滑油.revenue: GT=39319.0 ext=44427.0']
AN202506261698104682	0	0	extract_issue: matched=2/2 missing=[] wrong_amt=['合約收益.revenue: GT=1222588.0 ext=911778.0', '銷售建築材料.revenue: GT=91548.0 ext=34074.0']
AN202506261698131885	0	0	extract_issue: matched=4/5 missing=['提供客戶服務解決方案'] wrong_amt=['建立聯絡服務系統及中心.revenue: GT=1690.0 ext=91.0', '全面營銷及代理服務.revenue: GT=22859.0 ext=32585.0', '數據中心服務.revenue: GT=26423.0 ext=22367.0']
AN202506271698600985	0	0	extract_issue: matched=6/6 missing=['天然氣銷售~銷售', '工程設計及施工~及施工', '液化石油氣銷售~銷售'] wrong_amt=['工程設計及施工.revenue: GT=1763455.0 ext=4984858.0', '液化石油氣銷售.revenue: GT=19575477.0 ext=49049432.0']
AN202506271698667122	0	0	extract_issue: matched=1/1 missing=[] wrong_amt=['黃金加工及貿易業務.revenue: GT=125245.0 ext=422733.0', '黃金加工及貿易業務.cost: GT=94520.0 ext=None', '黃金加工及貿易業務.gross_profit: GT=30725.0 ext=None']
AN202506271698674092	0	0	extract_issue: matched=3/3 missing=[] wrong_amt=['珠寶產品.revenue: GT=6773.0 ext=18000.0', '成品油.revenue: GT=61905.0 ext=64857.0', '液化天然氣(「液化天然氣」).revenue: GT=159427.0 ext=105347.0']
AN202506271698684866	0	0	extract_issue: matched=3/4 missing=['Nano-AM工程'] wrong_amt=['裝修工程.revenue: GT=239837.0 ext=255786.0', '翻新工程.revenue: GT=61183.0 ext=85776.0']
AN202506271698733336	0	0	extract_issue: matched=2/2 missing=['放債~放債業務之利息收入', '木材供應鏈~木材供應鏈業務之銷售'] wrong_amt=['放債.revenue: GT=4598.0 ext=9997.0', '木材供應鏈.revenue: GT=170127.0 ext=295421.0']
AN202506271698739434	0	0	extract_issue: matched=1/1 missing=['於香港的建築及地盤平整服務–公共領域~公共領域'] wrong_amt=['於香港的建築及地盤平整服務–公共領域.revenue: GT=15904.0 ext=47543.0', '於香港的建築及地盤平整服務–公共領域.cost: GT=19335.0 ext=None', '於香港的建築及地盤平整服務–公共領域.gross_profit: GT=-3431.0 ext=None']
AN202506271698747831	0	0	extract_issue: matched=4/4 missing=[] wrong_amt=['提供財經資訊服務所得服務收入.revenue: GT=189.0 ext=212.0', '廣告及投資者關係服務收入.revenue: GT=5925.0 ext=12018.0', '經紀及包銷服務所得佣金.revenue: GT=3002.0 ext=6.0']
AN202506271698753901	0	0	extract_issue: matched=4/4 missing=['空運貨站營運服務-地勤~地勤', '空運貨站營運服務-配套送貨~配套送貨'] wrong_amt=['空運貨站營運服務-地勤.revenue: GT=95548.0 ext=87272.0', '空運貨站營運服務-配套送貨.revenue: GT=30718.0 ext=25364.0', '運輸服務.revenue: GT=96554.0 ext=98025.0']
AN202506271698763501	0	0	extract_issue: matched=2/2 missing=['影院投資及管理業務~影院投資及', '電影娛樂、新媒體開發及特許權業務~開發及'] wrong_amt=[]
AN202506291699868092	0	0	extract_issue: matched=2/2 missing=[] wrong_amt=['手錶製造及錶肉貿易.revenue: GT=383753379.0 ext=190455728.0', '商業物業投資.revenue: GT=118551847.0 ext=2397592896.0']
AN202506301700389846	0	0	extract_issue: matched=6/6 missing=['管道直飲水供應~直飲水供應', '物業開發及投資~及投資', '所有其他分部~其他分部'] wrong_amt=['城市供水.revenue: GT=7498114.0 ext=7655975.0', '管道直飲水供應.revenue: GT=656787.0 ext=659630.0', '環保.revenue: GT=1523478.0 ext=1575047.0']
AN202506301700475636	0	0	extract_issue: matched=2/2 missing=['建築服務:私營界別~私營界別', '建築服務:公營界別~公營界別'] wrong_amt=['建築服務:私營界別.revenue: GT=81048.0 ext=425448.0', '建築服務:公營界別.revenue: GT=92340.0 ext=26815.0']
AN202506301700499937	0	0	extract_issue: matched=2/2 missing=['建築及配套服務~建築及', '投資物業租賃~投資物業'] wrong_amt=[]
AN202506301700524881	0	0	extract_issue: matched=5/5 missing=[] wrong_amt=['移動設備及智能充電.revenue: GT=44231.0 ext=32271.0', '電機控制.revenue: GT=29253.0 ext=26612.0', '傳感器及自動控制.revenue: GT=1334.0 ext=5110.0']
AN202506301700558333	0	0	extract_issue: matched=2/2 missing=[] wrong_amt=['私營項目.revenue: GT=3797.0 ext=53752.0', '公營項目.revenue: GT=236978.0 ext=145592.0']
AN202506301700560652	0	0	extract_issue: matched=6/6 missing=[] wrong_amt=['銷售機械及備用零件以及提供相關服務.revenue: GT=2434.0 ext=22401.0', '運輸服務.revenue: GT=138.0 ext=2407.0', '物業管理服務.revenue: GT=84689.0 ext=78369.0']
AN202506301700560655	0	0	extract_issue: matched=1/2 missing=['RMAA工程服務'] wrong_amt=[]
AN202507281717221923	0	0	extract_issue: matched=5/5 missing=['WuXi Chemistry~化學業務(WuXi Chemistry)', 'WuXi Testing~測試業務(WuXi Testing)', 'WuXi Biology~生物學業務(WuXi Biology)', '其他業務~其他業務(Others)', '終止經營業務~終止經營業務(註1)'] wrong_amt=['WuXi Chemistry.revenue: GT=16301370.0 ext=16301.4', 'WuXi Chemistry.gross_profit: GT=7875663.0 ext=None', 'WuXi Testing.revenue: GT=2688647.0 ext=2688.6']
AN202507301718381391	0	0	extract_issue: matched=5/6 missing=['與租賃有關的操作服務~services 與租賃有關的操作服務', '維修及保養服務~service 維修及保養服務', '機械及零件銷售'] wrong_amt=[]
AN202507311719142300	0	0	extract_issue: matched=5/5 missing=[] wrong_amt=['複合材料遊艇.revenue: GT=234403.0 ext=265048.0', '專門定製遊艇.revenue: GT=253134.0 ext=233144.0', '超級遊艇.revenue: GT=104444.0 ext=82496.0']
AN202601151817148281	0	0	extract_issue: matched=2/3 missing=['財富管理服務、股票經紀及證券管理~股票經紀及證券管理', '其他業務'] wrong_amt=['零售及商業銀行業務.revenue: GT=1305986.0 ext=141380.0', '財富管理服務、股票經紀及證券管理.revenue: GT=113219.0 ext=95221.0']
AN202601211818179056	0	0	extract_issue: matched=1/3 missing=['社區增值服務', '開發商增值服務'] wrong_amt=['物業管理服務.revenue: GT=3575950.0 ext=2701043.0', '物業管理服務.cost: GT=2982714.0 ext=None', '物業管理服務.gross_profit: GT=593236.0 ext=None']
AN202601281818512690	0	0	extract_issue: matched=4/4 missing=[] wrong_amt=['工廠項目.revenue: GT=141519.0 ext=155152.0', '機構、商業及╱或住宅項目.revenue: GT=40169.0 ext=48084.0', '基礎設施項目.revenue: GT=72396.0 ext=84170.0']
AN202601281818514929	0	0	extract_issue: matched=2/2 missing=[] wrong_amt=['物業發展.revenue: GT=1969010.0 ext=109110.0', '物業投資.revenue: GT=109110.0 ext=2078120.0']
AN202602091819834474	0	0	extract_issue: matched=3/3 missing=[] wrong_amt=['電訊服務.revenue: GT=23891.0 ext=23243.0', '其他業務.revenue: GT=832.0 ext=826.0', '流動通訊.revenue: GT=11830.0 ext=10684.0']
AN202602091819840147	0	0	extract_issue: matched=6/7 missing=['其他'] wrong_amt=['日本的四季康樂活動業務.revenue: GT=254.0 ext=92.0', '日本的物業發展.revenue: GT=216.0 ext=49.0', '日本的酒店業務.revenue: GT=402.0 ext=665.0']
AN202602111819881486	0	0	extract_issue: matched=2/2 missing=[] wrong_amt=['在線音樂服務.revenue: GT=5994437.0 ext=5354517.0', '社交娛樂服務及其他.revenue: GT=1765013.0 ext=2595629.0']
AN202602251820021564	0	0	extract_issue: matched=6/8 missing=['中國香港~香港', '企業及機構理财', '國際财富管理及卓越理财', '中国香港~香港'] wrong_amt=['中國香港.revenue: GT=3954.0 ext=9129.0', '英國.revenue: GT=12938.0 ext=6823.0', '企業中心.revenue: GT=-2699.0 ext=1180.0']
AN202602251820035602	0	0	extract_issue: matched=2/2 missing=['企業醫療保健解決方案服務~於香港及澳門提供企業醫療保健解決方案服務', '臨床醫療保健服務~醫療'] wrong_amt=['企業醫療保健解決方案服務.revenue: GT=135891.0 ext=133160.0', '臨床醫療保健服務.revenue: GT=231642.0 ext=123895.0']
AN202602251820036494	0	0	extract_issue: matched=1/4 missing=['提供外展個案評估相關服務及疫苗接種服務所得收益', '銷售商品所得收益', '提供診所服務所得收益'] wrong_amt=['提供醫護人手解決方案服務所得收益.revenue: GT=26475.0 ext=32573.0']
AN202602261820045898	0	0	extract_issue: matched=5/5 missing=[] wrong_amt=['住宿預訂.revenue: GT=6287.0 ext=3732.0', '交通票務.revenue: GT=5368.0 ext=3216.0', '旅遊度假.revenue: GT=1056.0 ext=670.0']
AN202602261820047853	0	0	extract_issue: matched=3/3 missing=[] wrong_amt=['內容解決方案.revenue: GT=33909.0 ext=15510.0', '內容解決方案.cost: GT=4127.0 ext=None', '內容解決方案.gross_profit: GT=29782.0 ext=None']
AN202602261820054978	0	0	extract_issue: matched=2/3 missing=['住宅'] wrong_amt=['商舖.revenue: GT=1727.0 ext=1549.0', '商舖.cost: GT=326.0 ext=None', '商舖.gross_profit: GT=1401.0 ext=None']
AN202602261820067056	0	0	extract_issue: matched=2/3 missing=['其他品牌(中國)業務'] wrong_amt=[]
AN202602261820070247	0	0	extract_issue: matched=7/12 missing=['股票、期權、基金及期貨經紀', '企業融資', '資產管理', '手續費及結算費收入', '其他費用收入~其他'] wrong_amt=['其他費用收入.revenue: GT=734.0 ext=442.0', '銀行存款.revenue: GT=3616.0 ext=6542.0', '貸款.revenue: GT=1107.0 ext=2651.0']
AN202602261820071002	0	0	extract_issue: matched=2/2 missing=[] wrong_amt=['產品收入,淨額.revenue: GT=457182.0 ext=397614.0', '產品收入,淨額.cost: GT=190520.0 ext=None', '合作收入.revenue: GT=2974.0 ext=1374.0']
AN202602261820072003	0	0	extract_issue: matched=2/3 missing=['家具及家居配飾銷售~家具及', '家具及家居配飾租賃~家具及', '項目和酒店服務'] wrong_amt=['家具及家居配飾銷售.gross_profit: GT=16445.0 ext=None', '家具及家居配飾租賃.revenue: GT=8017.0 ext=42498.0', '家具及家居配飾租賃.gross_profit: GT=4599.0 ext=None']
AN202602271820093107	0	0	extract_issue: matched=4/4 missing=[] wrong_amt=['服務特許經營權安排的建造服務收入.revenue: GT=1088540.0 ext=2646298.0', '服務特許經營權安排的運營收入.revenue: GT=2967743.0 ext=2820981.0', '設備銷售及技術服務收入.revenue: GT=195687.0 ext=287628.0']
AN202602271820100486	0	0	extract_issue: matched=5/5 missing=[] wrong_amt=['物業發展.revenue: GT=3899.0 ext=8377.8', '物業投資.revenue: GT=2619.2 ext=2558.9', '建築.revenue: GT=99.4 ext=3858.4']
AN202602271820100616	0	0	extract_issue: matched=6/6 missing=[] wrong_amt=['物業銷售.revenue: GT=2543.0 ext=6912.0', '物業租賃.revenue: GT=1337.0 ext=1718.0', '物業管理及其他服務.revenue: GT=730.0 ext=792.0']
AN202602271820101294	0	0	extract_issue: matched=5/5 missing=['銷售傢俱產品~銷售傢俱產品 39,582', '資訊科技管理服務~資訊科技管理服務 –', '互聯網接入連接服務~互聯網接入連接服務 –', '數據中心經營及保安服務~數據中心經營及保安服務 –', '出租伺服器機架~出租伺服器機架 –'] wrong_amt=['銷售傢俱產品.revenue: GT=39582.0 ext=35513.0', '資訊科技管理服務.revenue: GT=246.0 ext=248.0', '互聯網接入連接服務.revenue: GT=78.0 ext=63.0']
AN202602271820102064	0	0	extract_issue: matched=3/3 missing=[] wrong_amt=['電力銷售.revenue: GT=1528360.0 ext=1464170.0', '電價調整.revenue: GT=915948.0 ext=964792.0', '太陽能發電場運營及管理服務.revenue: GT=9000.0 ext=11485.0']
AN202602271820103692	0	0	extract_issue: matched=1/3 missing=['可再生能源業務', '未分配'] wrong_amt=['太陽能玻璃銷售.revenue: GT=17831786.0 ext=18820033.0', '太陽能玻璃銷售.cost: GT=15321735.0 ext=None', '太陽能玻璃銷售.gross_profit: GT=2510051.0 ext=None']
AN202602271820108309	0	0	extract_issue: matched=2/2 missing=['自動化儀錶及技術產品~銷售自動化儀錶及技術產品 自動化儀錶及技術產品', '鐘錶儀錶~銷售鐘錶儀錶 鐘錶儀錶'] wrong_amt=['自動化儀錶及技術產品.revenue: GT=85477.0 ext=108345.0']
AN202602271820109011	0	0	extract_issue: matched=3/3 missing=[] wrong_amt=['物業租賃之租金收入.revenue: GT=18167.0 ext=20267.0', '物業管理費收入.revenue: GT=19117.0 ext=25819.0', '物業管理-其他相關服務.revenue: GT=889.0 ext=942.0']
AN202602271820109070	0	0	extract_issue: matched=2/2 missing=['自製電視劇~來自自製電視劇發行及播映權許可的收益', '買斷電視劇~來自買斷電視劇發行及播映權許可的收益'] wrong_amt=['自製電視劇.revenue: GT=37638.0 ext=3911.0', '自製電視劇.gross_profit: GT=6858.0 ext=None', '買斷電視劇.revenue: GT=2.0 ext=3906.0']
AN202602271820109160	0	0	extract_issue: matched=4/4 missing=[] wrong_amt=['銷售服裝標籤及包裝印刷產品.revenue: GT=26478.0 ext=28361.0', '銷售食品、日用品及公用產品.revenue: GT=12525.0 ext=10169.0', '餐飲服務的收益.revenue: GT=7441.0 ext=8372.0']
AN202602271820109170	0	0	extract_issue: matched=1/2 missing=['系統整合及開發服務'] wrong_amt=['維修及顧問服務.revenue: GT=1113.0 ext=1107.0']
AN202602271820109432	0	0	extract_issue: matched=1/1 missing=[] wrong_amt=['銷售女性內衣產品.revenue: GT=29532.0 ext=38756.0', '銷售女性內衣產品.cost: GT=5844.0 ext=None', '銷售女性內衣產品.gross_profit: GT=23688.0 ext=None']
AN202602271820110660	0	0	extract_issue: matched=3/3 missing=[] wrong_amt=['酒店款待業務.revenue: GT=9005.0 ext=269203.0', '酒類產品.revenue: GT=8.0 ext=12200.0', '上市證券投資.revenue: GT=3923.0 ext=166607.0']
AN202602271820112006	0	0	extract_issue: matched=3/3 missing=[] wrong_amt=['乾製山珍.revenue: GT=188990.0 ext=177396.0', '乾製水產品.revenue: GT=64771.0 ext=21259.0']
AN202602271820112543	0	0	extract_issue: matched=2/3 missing=['日式彈珠機及日式角子機遊戲館業務~日式彈珠機及日式角子機遊戲館業務的收入', '其他分部'] wrong_amt=['日式彈珠機及日式角子機遊戲館業務.revenue: GT=3117.0 ext=2934.0', '物業租賃.revenue: GT=224.0 ext=205.0']
AN202602271820112793	0	0	extract_issue: matched=5/5 missing=[] wrong_amt=['線上遊戲.revenue: GT=15336.0 ext=15080.0', '雲計算及數據儲存.revenue: GT=1605.0 ext=1858.0', '電子競技.revenue: GT=25087.0 ext=29737.0']
AN202603011820160854	0	0	extract_issue: matched=5/6 missing=['租賃及物業管理服務收入'] wrong_amt=['自來水供應及相關服務收入.revenue: GT=139164.0 ext=161747.0', '根據特許權安排進行基礎設施建設服務.revenue: GT=17969.0 ext=9477.0', '服務費收入.revenue: GT=10.0 ext=14.0']
AN202603021820197133	0	0	extract_issue: matched=1/1 missing=[] wrong_amt=['授權收入.revenue: GT=612119.0 ext=503992.0', '授權收入.gross_profit: GT=612119.0 ext=None']
AN202603041820246073	0	0	extract_issue: matched=2/2 missing=[] wrong_amt=['半導體解決方案.revenue: GT=1910942.0 ext=6060426.0', '表面貼裝技術解決方案.revenue: GT=2048030.0 ext=6422803.0']
AN202603051820302384	0	0	extract_issue: matched=1/4 missing=['生鮮及農產品貿易', '肉類加工及加工肉製品銷售', '一般貿易~以及一般貿易', '放債業務之利息收入'] wrong_amt=['一般貿易.revenue: GT=39.0 ext=-9749.0']
AN202603051820302534	0	0	extract_issue: matched=2/2 missing=[] wrong_amt=['自營融資業務.cost: GT=997699.0 ext=None', '自營融資業務.gross_profit: GT=1270869.0 ext=None', '交易平台業務.cost: GT=4100778.0 ext=None']
AN202603051820305635	0	0	extract_issue: matched=4/4 missing=['電子產品及家用電器商品收入~商品收入', '日用百貨商品收入~商品收入', '平台及廣告服務收入~服務收入', '物流及其他服務收入~服務收入'] wrong_amt=['電子產品及家用電器商品收入.revenue: GT=605131.0 ext=146402.0', '日用百貨商品收入.revenue: GT=418671.0 ext=146402.0', '平台及廣告服務收入.revenue: GT=107131.0 ext=40795.0']
AN202603051820305697	0	0	extract_issue: matched=3/3 missing=[] wrong_amt=['媒體服務.revenue: GT=1153419.0 ext=164937.0', '線索服務.revenue: GT=2709235.0 ext=387415.0', '在線營銷及其他.revenue: GT=2589376.0 ext=370276.0']
AN202603051820314530	0	0	extract_issue: matched=5/5 missing=['煙葉類產品出口業務~出口業務', '煙葉類產品進口業務~進口業務', '新型煙草製品出口業務~出口業務'] wrong_amt=['煙葉類產品出口業務.revenue: GT=2481445.0 ext=2476732.0', '煙葉類產品出口業務.gross_profit: GT=156641.0 ext=None', '煙葉類產品進口業務.gross_profit: GT=772089.0 ext=None']
AN202603091820417346	0	0	extract_issue: matched=2/2 missing=[] wrong_amt=['流動通訊及其他相關服務.revenue: GT=3619.0 ext=3425.0', '電訊硬件及其他產品.revenue: GT=1829.0 ext=1218.0']
AN202603101820443383	0	0	extract_issue: matched=10/10 missing=[] wrong_amt=['燒鹼.revenue: GT=1679245.0 ext=1612206.0', '甲烷氯化物.revenue: GT=778967.0 ext=921461.0', '氟化工產品.revenue: GT=306734.0 ext=317382.0']
AN202603101820461453	0	0	extract_issue: matched=4/5 missing=['實用工具及內容應用程序開發~內容應用程序開發', '其他'] wrong_amt=['金融.revenue: GT=143949.0 ext=37.8', '電子商務.revenue: GT=95661.0 ext=33.3', '實用工具及內容應用程序開發.revenue: GT=92984.0 ext=23.7']
AN202603101820462644	0	0	extract_issue: matched=1/2 missing=['汽車銷售'] wrong_amt=['其他銷售.revenue: GT=10603634.0 ext=2591597.0', '其他銷售.cost: GT=9900995.0 ext=None']
AN202603111820483602	0	0	extract_issue: matched=1/5 missing=['線上店舖~Online shops 線上店舖', '線下店舖批發', '線下店舖代銷', '線下店舖自營', '代加工'] wrong_amt=[]
AN202603121820513698	0	0	extract_issue: matched=4/4 missing=[] wrong_amt=['來自投資物業的租金收入總額.revenue: GT=12879.0 ext=13316.0', '來自投資物業的租金收入總額.cost: GT=3314.0 ext=None', '物業買賣.revenue: GT=2110.0 ext=88.0']
AN202603121820519638	0	0	extract_issue: matched=8/8 missing=['冠狀動脈介入醫療器械:刻痕球囊~刻痕球囊', '冠狀動脈介入醫療器械:非順應性球囊~非順應性球囊', '冠狀動脈介入醫療器械:半順應性球囊~半順應性球囊', '冠狀動脈介入醫療器械:藥物塗層球囊~藥物塗層球囊', '冠狀動脈介入醫療器械:支架~支架'] wrong_amt=['冠狀動脈介入醫療器械:刻痕球囊.revenue: GT=59492.0 ext=58218.0', '冠狀動脈介入醫療器械:非順應性球囊.revenue: GT=39275.0 ext=34905.0', '冠狀動脈介入醫療器械:半順應性球囊.revenue: GT=35745.0 ext=32035.0']
AN202603121820525381	0	0	extract_issue: matched=3/3 missing=[] wrong_amt=['營銷服務收入.revenue: GT=1402031.0 ext=1097443.0', '商品銷售收入.revenue: GT=194145.0 ext=184614.0', '其他相關服務收入.revenue: GT=67068.0 ext=57443.0']
AN202603121820526842	0	0	extract_issue: matched=1/2 missing=['其他'] wrong_amt=[]
AN202603131820551483	0	0	extract_issue: matched=3/4 missing=['服務收入'] wrong_amt=['藥品銷售.revenue: GT=2301400.0 ext=1640138.0', '許可收入.revenue: GT=160835.0 ext=235446.0', '其他.revenue: GT=2363.0 ext=1814.0']
AN202603131820554185	0	0	extract_issue: matched=3/3 missing=[] wrong_amt=['拼搭角色類玩具.revenue: GT=2842711.0 ext=2201104.0', '拼搭載具類玩具及積木玩具.revenue: GT=69814.0 ext=39432.0', '其他.revenue: GT=813.0 ext=393.0']
AN202603131820555199	0	0	extract_issue: matched=1/4 missing=['醫療', '護老~提供護老相關服務及營養品銷售', '物業開發', '物業投資'] wrong_amt=['護老.revenue: GT=51463.0 ext=36682.0']
AN202603151820565905	0	0	extract_issue: matched=5/5 missing=[] wrong_amt=['網頁遊戲.revenue: GT=116810.0 ext=127281.0', '移動遊戲.revenue: GT=325951.0 ext=317420.0', '數字資產的增值收益.revenue: GT=21680.0 ext=56169.0']
AN202603151820566064	0	0	extract_issue: matched=4/4 missing=[] wrong_amt=['設計、諮詢和技術許可業務.revenue: GT=3724805.0 ext=3974028.0', '工程總承包業務.revenue: GT=46208364.0 ext=37998934.0', '施工業務.revenue: GT=19722381.0 ext=21847167.0']
AN202603161820580206	0	0	extract_issue: matched=5/5 missing=[] wrong_amt=['存量房業務.revenue: GT=5439563.0 ext=3577817.0', '新房業務.revenue: GT=7263714.0 ext=4375358.0', '家裝家居.revenue: GT=3615359.0 ext=2205909.0']
AN202603161820584497	0	0	extract_issue: matched=3/3 missing=[] wrong_amt=['提供財經印刷服務.revenue: GT=97632.0 ext=114855.0', '提供市場營銷周邊產品印刷服務.revenue: GT=15269.0 ext=30431.0', '提供其他服務.revenue: GT=19413.0 ext=13604.0']
AN202603171820597295	0	0	extract_issue: matched=5/7 missing=['黃金產品', '銀產品'] wrong_amt=['洗選硬焦煤(「硬焦煤」).revenue: GT=558121.0 ext=796476.0', '洗選中灰半硬焦煤(「中灰半硬焦煤」).revenue: GT=137323.0 ext=158594.0', '洗選半軟焦煤(「半軟焦煤」).revenue: GT=42578.0 ext=57860.0']
AN202603171820597329	0	0	extract_issue: matched=6/7 missing=['在線業務', '版權運營及其他~版權運營'] wrong_amt=['版權運營及其他.cost: GT=1997766.0 ext=None', '版權運營及其他.gross_profit: GT=1321368.0 ext=None']
AN202603171820603165	0	0	extract_issue: matched=2/4 missing=['租金收入', '投資收入'] wrong_amt=['農業相關業務.revenue: GT=1886708.0 ext=2036883.0']
AN202603171820605605	0	0	extract_issue: matched=2/2 missing=[] wrong_amt=['製衣.revenue: GT=1770108.0 ext=1970127.0']
AN202603171820606183	0	0	extract_issue: matched=2/2 missing=['手錶及配件之製造、銷售及加工費收入:手錶~手錶', '手錶及配件之製造、銷售及加工費收入:配件~手錶'] wrong_amt=['手錶及配件之製造、銷售及加工費收入:手錶.revenue: GT=312385.0 ext=350779.0', '手錶及配件之製造、銷售及加工費收入:配件.revenue: GT=298457.0 ext=350779.0']
AN202603181820610618	0	0	extract_issue: matched=7/7 missing=['信貸驅動服務:其他服務費~信貸驅動服務', '平台服務:其他服務費~其他服務費'] wrong_amt=['重資本模式下貸款撮合及服務費.revenue: GT=1604903.0 ext=229498.0', '融資收入.revenue: GT=8569063.0 ext=1225360.0', '解除擔保負債收入.revenue: GT=3412952.0 ext=488046.0']
AN202603181820616816	0	0	extract_issue: matched=4/4 missing=['乘用車-燃油車~乘用車', '乘用車-新能源汽車~乘用車'] wrong_amt=['乘用車-燃油車.revenue: GT=174329.0 ext=246822.0', '乘用車-燃油車.gross_profit: GT=26144.0 ext=None', '乘用車-新能源汽車.revenue: GT=98023.0 ext=246822.0']
AN202603181820624091	0	0	extract_issue: matched=4/4 missing=['糖果及其他產品~其他產品'] wrong_amt=['果凍產品.cost: GT=358297.0 ext=None', '果凍產品.gross_profit: GT=128355.0 ext=None', '膨化食品.cost: GT=211018.0 ext=None']
AN202603181820625625	0	0	extract_issue: matched=3/3 missing=[] wrong_amt=['租賃及自有酒店.revenue: GT=3266.0 ext=12943.0', '管理加盟及特許經營酒店.revenue: GT=3023.0 ext=11696.0', '其他.revenue: GT=236.0 ext=668.0']
AN202603181820626109	0	0	extract_issue: matched=5/5 missing=['對企業客户的線上招聘服務-KA客户~對企業客户的線上招聘服務', '對企業客户的線上招聘服務-中型客户~對企業客户的線上招聘服務', '對企業客户的線上招聘服務-小型客户~對企業客户的線上招聘服務'] wrong_amt=['對企業客户的線上招聘服務-KA客户.revenue: GT=2070533.0 ext=8192714.0', '對企業客户的線上招聘服務.revenue: GT=2066890.0 ext=8192714.0', '對企業客户的線上招聘服務-中型客户.revenue: GT=2666365.0 ext=8192714.0']
AN202603181820626164	0	0	extract_issue: matched=4/5 missing=['對企業客户的線上招聘服務-KA客户~對企業客户的線上招聘服務', '對企業客户的線上招聘服務-中型客户~對企業客户的線上招聘服務', '其他', '對企業客户的線上招聘服務-小型客户~對企業客户的線上招聘服務'] wrong_amt=['對企業客户的線上招聘服務-KA客户.revenue: GT=2070533.0 ext=7270026.0', '對企業客户的線上招聘服務.revenue: GT=2066890.0 ext=7270026.0', '對企業客户的線上招聘服務-中型客户.revenue: GT=2666365.0 ext=7270026.0']
AN202603181820627025	0	0	extract_issue: matched=2/2 missing=['健康產品及食品~及食品'] wrong_amt=['電子零件產品.cost: GT=590763.0 ext=None', '電子零件產品.gross_profit: GT=19842.0 ext=None', '健康產品及食品.cost: GT=62760.0 ext=None']
AN202603181820627788	0	0	extract_issue: matched=1/3 missing=['室內設計', '傢俬銷售', '美國傢俬銷售~美國'] wrong_amt=['美國傢俬銷售.revenue: GT=31630.0 ext=8102.0']
AN202603191820645603	0	0	extract_issue: matched=3/3 missing=[] wrong_amt=['服務收入.revenue: GT=283764.0 ext=269225.0', '特許費收入.revenue: GT=1657.0 ext=1578.0', '貿易收入.revenue: GT=137282.0 ext=96892.0']
AN202603191820645609	0	0	extract_issue: matched=4/4 missing=[] wrong_amt=['綜合素養業務.revenue: GT=1508959.0 ext=713434.0', '輔導項目.revenue: GT=222911.0 ext=181443.0', '全日制複習項目.revenue: GT=163179.0 ext=206761.0']
AN202603191820645694	0	0	extract_issue: matched=5/5 missing=[] wrong_amt=['物業銷售.revenue: GT=20414.0 ext=9962.0', '物業租務.revenue: GT=5888.0 ext=6135.0', '酒店及服務套房業務.revenue: GT=4628.0 ext=4390.0']
AN202603191820646679	0	0	extract_issue: matched=2/6 missing=['保險~保險服務收入', '科技', '銀行', '其他~其他收入', '抵銷'] wrong_amt=['保險.revenue: GT=35873540.0 ext=33484568.0', '其他.revenue: GT=875224.0 ext=659485.0']
AN202603191820648246	0	0	extract_issue: matched=2/2 missing=['烘焙業務~烘焙業務銷售收益', '眼鏡業務~眼鏡業務收益'] wrong_amt=['烘焙業務.revenue: GT=1297055.0 ext=1337279.0', '眼鏡業務.revenue: GT=148421.0 ext=149200.0']
AN202603191820648647	0	0	extract_issue: matched=3/3 missing=[] wrong_amt=['社區空間居住消費服務.revenue: GT=23233570.0 ext=20968127.0', '社區空間居住消費服務.gross_profit: GT=3026438.0 ext=None', '商企和城市空間綜合服務.revenue: GT=11791312.0 ext=12295550.0']
AN202603191820650300	0	0	extract_issue: matched=3/3 missing=['專業皮膚護理產品-功效性護膚品~功效性護膚品', '專業皮膚護理產品-醫用敷料~醫用敷料'] wrong_amt=['專業皮膚護理產品-功效性護膚品.revenue: GT=4336.8 ext=4302.3', '專業皮膚護理產品-醫用敷料.revenue: GT=1160.0 ext=1218.1', '保健食品及其他.revenue: GT=21.7 ext=18.4']
AN202603191820651593	0	0	extract_issue: matched=6/6 missing=['其他收益~其他'] wrong_amt=['其他收益.revenue: GT=-63255.0 ext=64382.0']
AN202603191820651630	0	0	extract_issue: matched=4/5 missing=['信貸業務-消費金融~消費金融', '信貸業務-按揭貸款~按揭貸款', '集團管理及支援~及支援', '基金管理'] wrong_amt=['信貸業務-消費金融.revenue: GT=3148.3 ext=177.2', '信貸業務-按揭貸款.revenue: GT=171.8 ext=2115.2', '投資管理.revenue: GT=2109.5 ext=121.0']
AN202603191820653065	0	0	extract_issue: matched=1/2 missing=['保養及維修服務'] wrong_amt=['機電工程.revenue: GT=71424.0 ext=89700.0', '機電工程.gross_profit: GT=11540.0 ext=None']
AN202603191820653468	0	0	extract_issue: matched=3/3 missing=[] wrong_amt=['銷售食品.revenue: GT=110528.0 ext=90820.0', '提供運輸服務收入.revenue: GT=80.0 ext=85.0', '經營餐廳收入.revenue: GT=12420.0 ext=17615.0']
AN202603191820653491	0	0	extract_issue: matched=4/4 missing=['酒店及服務式公寓業務~公寓業務'] wrong_amt=['收租業務.revenue: GT=772813.0 ext=791268.0', '酒店及服務式公寓業務.revenue: GT=561876.0 ext=597389.0', '餐飲業務.revenue: GT=264080.0 ext=290363.0']
AN202603201820663467	0	0	extract_issue: matched=1/2 missing=['食品銷售收益'] wrong_amt=['餐廳營運收益.revenue: GT=3468299.0 ext=3223840.0']
AN202603201820663506	0	0	extract_issue: matched=1/2 missing=['幕牆及總承包工程'] wrong_amt=['運營管理.revenue: GT=898751.0 ext=-116240.0', '運營管理.gross_profit: GT=138443.0 ext=None']
